segment_id,osm_id,osm_name,osm_type,start_lat,start_long,end_lat,end_long
3,9017482,ถนนพระราม 9,primary,13.754620374123324,100.58341723480272,13.752850299999997,100.5894032
4,9019480,ถนนพระรามที่ 1,primary,13.744499799999998,100.5401384,13.7452563,100.536139
6,9166124,,primary,13.7632832,100.5450839,13.763658399999999,100.54111
17,23609995,ถนนเจริญกรุง,tertiary,13.747431199999998,100.49426070000001,13.747264999999999,100.4961042
23,23610163,,tertiary,13.742836600000004,100.4948403,13.7428418,100.49490930000002
27,24678686,ถนนอังรีดูนังต์,secondary,13.7399060685849,100.53488069341041,13.745324699999996,100.5357801
40,24715228,ถนนข้าวหลาม,tertiary,13.73623,100.5135904,13.7369345,100.5155475
47,24829068,ถนนสาทรใต้,primary,13.72467618183208,100.54012805825933,13.72336468066929,100.53570411786485
63,25053555,ถนนพระรามที่ 3,primary,13.7161138,100.5568708,13.7147631,100.5555206
71,25507862,อาจณรงค์,tertiary,13.696915500000003,100.58961650000002,13.699024804899459,100.58605198597519
73,25620825,ถนนศรีนครินทร์,secondary,13.656445600000001,100.6425973,13.6561953,100.6425531
82,25706388,,secondary,13.7402833,100.4978994,13.740315799999998,100.4979114
87,25706526,,tertiary,13.741535799999998,100.4979233,13.741741899999997,100.4978205
101,25714979,,tertiary,13.757875999999998,100.4937947,13.7572277,100.4925712
111,25715223,ถนนศรีอยุธยา,secondary,13.769264419702253,100.50920354328639,13.7682941,100.5113684
112,25715256,ถนนอู่ทองใน,tertiary,13.7704881,100.51299,13.772888705012917,100.51447852591679
121,25745236,ถนนรัชดาภิเษก,primary,13.689546664523137,100.52238122913916,13.693019219619202,100.52524643650834
130,25745938,,tertiary,13.732684099999997,100.5287859,13.7324491,100.528359
137,25775998,ถนนวัฒนธรรม,tertiary,13.762619399999998,100.5726229,13.767604300000002,100.572849
167,26732625,ถนนเพชรเกษม,primary,13.713307661563206,100.43833430760742,13.714671039139127,100.44273670017478
175,27279308,ถนนทหาร,tertiary,13.7986354,100.5174913,13.797243400000001,100.5213537
176,27604257,ถนนศรีนครินทร์,secondary,13.6561953,100.6425531,13.655822999999998,100.6424656
182,28152580,สะพานพระปกเกล้า,primary,13.736476399999997,100.4965839,13.740148299999994,100.4993058
187,28503268,,tertiary,13.740851700000002,100.6459325,13.740417000000003,100.6480267
193,28504804,ถนนสุขุมวิท,primary,13.711829299999998,100.59611130000002,13.711691699999998,100.5962966
196,28510028,สะพานกรุงธน,primary,13.780269399999998,100.5042233,13.781864500000001,100.500661
214,30045712,สะพานพระราม 3,primary,13.6944232,100.4994845,13.695932600000004,100.4981519
222,31133741,ถนนพระยาสุเรนทร์,tertiary,13.835972384900378,100.69725965063986,13.831786955808543,100.69892289676686
226,31133741,ถนนพระยาสุเรนทร์,tertiary,13.818438676219143,100.69906175126576,13.812843499999998,100.6991454
232,31142740,,tertiary,13.753075368398603,100.77371224895136,13.752675499999997,100.7771789
239,31423273,ถนนรามอินทรา,primary,13.825985157235936,100.67572629669996,13.822495099999998,100.6793934
240,31423277,ถนนรามอินทรา,primary,13.812823099999997,100.6972947,13.812826499999998,100.6976803
241,31423791,ถนนเสรีไทย,primary,13.7688632,100.6515102,13.7689787,100.6516221
247,32006164,,secondary,13.767277699999994,100.5329498,13.7684146,100.5304944
250,32007221,ถนนกำแพงเพชร,secondary,13.797691000000002,100.5507239,13.797602300000001,100.5483571
256,32008424,ถนนวิภาวดีรังสิต,trunk,13.76854407793524,100.55027686424374,13.771993000000002,100.5521509
260,32008731,ถนนวิภาวดีรังสิต,trunk,13.819339446524019,100.55860337368725,13.823837411078555,100.55815330472105
267,32036717,ถนนเพชรบุรี,primary,13.756253299999997,100.523074,13.757105999999995,100.520334
269,32037736,ถนนพิษณุโลก,secondary,13.770793599999998,100.5047541,13.767819533389611,100.50823554867205
270,32037736,ถนนพิษณุโลก,secondary,13.767819533389611,100.50823554867205,13.766051,100.5102961
275,32037875,ถนนพิษณุโลก,primary,13.757390499999998,100.5206391,13.757230700000001,100.5209169
285,32040294,ถนนกรุงเกษม,tertiary,13.749125899999997,100.5167056,13.7456223,100.51612560000001
303,32049311,ถนนวิภาวดีรังสิต,trunk,13.787548599999997,100.5610384,13.783508815447757,100.55897646929753
305,32049311,ถนนวิภาวดีรังสิต,trunk,13.779506980967147,100.55683056441458,13.7752533,100.5544632
306,32049312,ถนนวิภาวดีรังสิต,trunk,13.787613999999998,100.5608557,13.791943199999999,100.5613425
308,32049411,ถนนวิภาวดีรังสิต,trunk,13.786227999999998,100.56009900000001,13.787613999999998,100.5608557
313,32081184,ถนนศรีอยุธยา,primary,13.757564800000003,100.5356271,13.758892299999998,100.5321067
317,32081239,,primary,13.754105600000004,100.529365,13.753831100000001,100.5301306
318,32081375,ถนนวิภาวดีรังสิต,trunk,13.791963599999997,100.5616541,13.7875144,100.5611528
322,32081648,ถนนวิภาวดีรังสิต,trunk,13.898189654637752,100.58925454956858,13.902165042843254,100.59145059172762
323,32081648,ถนนวิภาวดีรังสิต,trunk,13.902165042843254,100.59145059172762,13.906207439953079,100.59351811274779
327,32081648,ถนนวิภาวดีรังสิต,trunk,13.918070359691535,100.60023813737016,13.922019665933588,100.60248651293631
335,32087514,,primary,13.841633199999999,100.572171,13.8399095,100.5752056
337,32087542,,primary,13.8404116,100.5789094,13.8405472,100.5796205
350,32090930,ถนนรัชดาภิเษก,primary,13.830526300000002,100.5603477,13.830380299999996,100.5610694
351,32096507,ถนนรัชดาภิเษก,primary,13.8300961,100.5479078,13.830126267197066,100.5525326367604
357,32097887,ถนนรัชดาภิเษก,primary,13.830293299999996,100.5410373,13.830259699999996,100.5421467
361,32111769,ถนนนครสวรรค์,secondary,13.7566111,100.5063302,13.7580212,100.5091206
364,32511187,ถนนแจ้งวัฒนะ,primary,13.882901299999999,100.5840089,13.8845532,100.5809973
379,33069215,ถนนพญาไท,primary,13.747419999999996,100.5309486,13.746768899999996,100.5309028
380,33069264,ถนนพญาไท,primary,13.747419999999996,100.5309486,13.749004,100.5311889
384,33069606,สะพานไทย - ญี่ปุ่น,primary,13.732196939458111,100.5304803245171,13.7311285,100.5330944
399,33841937,ถนนเสรีไทย,primary,13.812603000000001,100.7177506,13.808645028564065,100.71555641876505
401,34062347,ถนนกำแพงเพชร 3,tertiary,13.800406099999998,100.552281,13.801123799999997,100.5521973
404,38000175,,tertiary,13.8045742,100.5358888,13.803829300000002,100.5374312
405,38000182,,secondary,13.805243099999998,100.5344546,13.804980100000003,100.5352613
407,38000184,,tertiary,13.8037376,100.5375857,13.803054300000001,100.539189
412,38000195,,tertiary,13.783365299999998,100.5244014,13.783413399999997,100.52430660000002
413,38000452,ถนนเศรษฐศิริ,tertiary,13.783365299999998,100.5244014,13.7815742,100.5310133
415,39727796,ถนนนราธิวาสราชนค,primary,13.698698730897384,100.54274620970544,13.70238506278545,100.54007766743581
420,39727796,ถนนนราธิวาสราชนค,primary,13.718519964692204,100.53174813615858,13.7217191,100.5301293
428,40007275,ถนนราชดำริ,secondary,13.73388545854587,100.53826838337662,13.738292076853119,100.53921796167909
479,44695699,ทางรถไฟสายเก่าปา,tertiary,13.700498248971016,100.5891746050362,13.696011300078167,100.58972802109957
489,46979057,,tertiary,13.680151499999996,100.6990199,13.680456599999998,100.6990233
516,52888330,,tertiary,13.702572299999998,100.7001241,13.7022893,100.7001171
523,53568470,,tertiary,13.667982852150857,100.69920401281226,13.663867741374824,100.69734901961759
524,53568470,,tertiary,13.663867741374824,100.69734901961759,13.660173169659316,100.69468754351894
526,53568472,01 กาญจนาภิเษก 39,tertiary,13.683884900000002,100.6997963,13.68303064712569,100.70432937231404
535,53573239,ถนนลาดกระบัง,secondary,13.722645904167297,100.74849919936308,13.7230416,100.75169790000001
536,53573241,ถนนลาดกระบัง,secondary,13.722231599999999,100.7293252,13.722078620222442,100.72470552110526
540,53573243,ถนนลาดกระบัง,secondary,13.721954400000001,100.7089428,13.721693458666598,100.70432794452178
544,53573252,ถนนลาดกระบัง,secondary,13.7220746,100.72022260000001,13.722098699560247,100.71560026038718
549,53573257,ถนนลาดกระบัง,secondary,13.722356999999997,100.7293122,13.722376500000001,100.730012
552,54443781,ถนนวัชรพล,tertiary,13.85495405642947,100.64103994005318,13.858467940262575,100.64194858133781
553,54443781,ถนนวัชรพล,tertiary,13.858467940262575,100.64194858133781,13.858786689867692,100.64656173288505
578,55455290,ถนนลาดกระบัง,secondary,13.721660900000002,100.7013492,13.721923425319545,100.70596391855766
605,57379655,ถนนอ่อนนุช,secondary,13.717024499999997,100.6584894,13.716253736373965,100.65393454438718
611,57379664,ถนนอ่อนนุช,secondary,13.715896899999999,100.6507654,13.716028599999998,100.6515236
631,59384949,ถนนหลวงแพ่ง,secondary,13.71629980819726,100.80573151778266,13.71781791033972,100.80137873583215
634,59384951,ถนนลาดกระบัง,secondary,13.721666899999997,100.7673916,13.721642099999999,100.76586290000002
641,59384954,ถนนลาดกระบัง,secondary,13.7215662,100.761491,13.72151780691608,100.75686888497552
646,59384959,ถนนลาดกระบัง,secondary,13.721703199999995,100.7622286,13.721749900000002,100.7658559
650,59384963,ถนนลาดกระบัง,secondary,13.722608099999997,100.7522007,13.722930899999998,100.7516361
651,59384966,ถนนลาดกระบัง,secondary,13.721777399999995,100.7673829,13.721815805369511,100.77200512231369
653,59384969,,secondary,13.7220632,100.7878222,13.721833399999998,100.7904923
657,59384973,ถนนลาดกระบัง,secondary,13.721834199999998,100.78078580000002,13.721779099999996,100.7780443
659,59399262,,tertiary,13.657454199999998,100.6927338,13.657297100000001,100.69262240000002
665,62218145,ถนนดวงพิทักษ์,tertiary,13.727265890716566,100.55250933514094,13.73176171348335,100.55203650889851
668,66502293,ถนนประชาธิปก,primary,13.737089499999998,100.4971871,13.732905042172352,100.4954942716728
676,82852747,ถนนเพชรบุรี,primary,13.7408638,100.6007506,13.7413861,100.5992059
683,88828955,พุทธบูชา36,tertiary,13.621681560378383,100.50976368219557,13.621340159859843,100.50515586049401
684,88828955,พุทธบูชา36,tertiary,13.621340159859843,100.50515586049401,13.62099193645389,100.5005485557221
695,89069206,ถนนพระรามที่ 2,secondary,13.620720999999998,100.3884204,13.61749184565928,100.38518698931277
719,90152554,,tertiary,13.766691199999999,100.6928474,13.7685204,100.691914
740,90300312,ถนนหทัยราษฎร์,tertiary,13.921776299999996,100.6970634,13.9218076,100.6984757
745,90404254,,tertiary,13.7278333,100.7467263,13.726447099999998,100.7467937
747,90404297,ถนนหลวงแพ่ง,secondary,13.718158828572362,100.80083871323339,13.716619685014702,100.80518395603252
757,90404337,,tertiary,13.726447099999998,100.7467937,13.722137400000003,100.7467243
762,90423215,ถนนร่มเกล้า,secondary,13.747093586553103,100.74662123713617,13.742576457648461,100.74660794671338
766,90423220,ถนนร่มเกล้า,secondary,13.760637075441865,100.74625220442871,13.765156056119936,100.74623001232456
767,90423220,ถนนร่มเกล้า,secondary,13.765156056119936,100.74623001232456,13.769675146848666,100.74623214113478
771,90552937,,tertiary,13.716706099999998,100.74096520000002,13.717214399999998,100.7427188
779,90564093,คู่ขนานมอเตอร์เว,tertiary,13.725847342729246,100.81196563308848,13.729901173055843,100.80992897070908
790,90566507,คู่ขนานมอเตอร์เว,tertiary,13.730268399999998,100.7468892,13.730068981403798,100.75147165612498
818,95545170,,tertiary,13.754529699999997,100.7211141,13.754558800000002,100.7216163
820,95545173,,tertiary,13.753691800000002,100.7049077,13.753662899999998,100.7062375
821,95545174,,tertiary,13.75487,100.7268109,13.755166248705637,100.73142411949338
827,95545181,,tertiary,13.753315499999998,100.7046775,13.7532538,100.7038408
835,95546314,ถนนสุวินทวงศ์,primary,13.8193264,100.7428712,13.8198053,100.7421204
837,95546324,ถนนร่มเกล้า,secondary,13.794552799999996,100.7460765,13.799554,100.7437484
841,95940769,กัลปพฤกษ์,secondary,13.683293299999999,100.4112066,13.683169594457476,100.41582066602015
842,95940769,กัลปพฤกษ์,secondary,13.683169594457476,100.41582066602015,13.6840814810327,100.42033403714706
849,95945434,ถนนกาญจนาภิเษก (ด,secondary,13.694966660534947,100.40784462972614,13.690454775463333,100.40766230389733
853,95945437,ถนนกาญจนาภิเษก (ด,secondary,13.7061889,100.40605270000002,13.7074708,100.4058015
859,96065610,กัลปพฤกษ์,secondary,13.685601099999996,100.4238717,13.6884261,100.4293566
863,96065615,กัลปพฤกษ์,secondary,13.702099199999994,100.4446162,13.698751107172834,100.44151090224926
865,96065616,กัลปพฤกษ์,secondary,13.691364500000002,100.4340568,13.6928252,100.43576950000002
869,96065619,กัลปพฤกษ์,secondary,13.688793899999997,100.4302726,13.690854499999997,100.4335778
873,96065622,กัลปพฤกษ์,secondary,13.705652546345355,100.44784928384544,13.7096649,100.4533109
876,96065626,กัลปพฤกษ์,secondary,13.6880653,100.4290404,13.6855328,100.4239142
881,96065629,กัลปพฤกษ์,secondary,13.696385099999997,100.4392511,13.6959097,100.4388062
885,96068321,ถนนราชพฤกษ์,primary,13.715598999999997,100.4601856,13.7170473,100.4589639
903,96159225,ถนนเอกชัย,secondary,13.683266915133398,100.44244842476252,13.68100845137651,100.4384451226262
909,96159225,ถนนเอกชัย,secondary,13.669984530479304,100.4182781825622,13.667711543675319,100.41428329001334
912,96159226,ถนนเอกชัย,secondary,13.661503299999998,100.4030981,13.664054800000002,100.4075881
921,96159227,ถนนเอกชัย,secondary,13.655730802554126,100.3935920665344,13.658294237937433,100.39738551846179
923,96159228,ถนนเอกชัย,secondary,13.661435499999998,100.4031255,13.65913813008218,100.39914523442354
938,96160801,ลาดหญ้า,secondary,13.728681413429992,100.50270692795574,13.730039799999998,100.5086552
944,96234881,ถนนบางบอน 1,tertiary,13.682797571643155,100.42555117330471,13.678977481691236,100.42446810478582
952,96322875,ถนนราชพฤกษ์,primary,13.713956710117637,100.4755091688176,13.717043000000002,100.4806912
962,96327286,ถนนราชพฤกษ์,primary,13.720674999999998,100.4574892,13.723670599999998,100.4571399
966,96330134,ถนนราชพฤกษ์,primary,13.723911,100.4573394,13.723734499999997,100.4574051
973,96330834,ถนนราชพฤกษ์,primary,13.740599,100.447315,13.740040100000002,100.4473319
977,96330838,ถนนราชพฤกษ์,primary,13.735080599999995,100.4486526,13.7343029,100.4489661
979,96330839,ถนนราชพฤกษ์,primary,13.731211053147202,100.45102169738693,13.728654699999998,100.453297
980,96330840,ถนนราชพฤกษ์,primary,13.7393677,100.4473754,13.736527200000001,100.4479654
985,96331224,ถนนราชพฤกษ์,primary,13.732089244680306,100.4499184638733,13.734981299999998,100.4482465
993,96331231,ถนนราชพฤกษ์,primary,13.7364906,100.4478281,13.7393492,100.4472342
1000,96332112,ถนนราชพฤกษ์,primary,13.7400571,100.4470701,13.7406076,100.4470513
1009,96332226,ถนนราชพฤกษ์,primary,13.744616600000002,100.4479948,13.744126100000006,100.4479202
1010,96332229,ถนนราชพฤกษ์,primary,13.744214899999998,100.447502,13.744673399999996,100.4475743
1018,96520760,ถนนพระรามที่ 2,secondary,13.6439987,100.4124182,13.646746930827334,100.41608734874222
1022,96520760,ถนนพระรามที่ 2,secondary,13.654974976335131,100.42710012440409,13.658376500000001,100.4321709
1035,96696990,ถนนกาญจนาภิเษก (ด,secondary,13.6670431,100.4055267,13.671552335717234,100.4058423286135
1036,96696990,ถนนกาญจนาภิเษก (ด,secondary,13.671552335717234,100.4058423286135,13.675758700000001,100.4061157
1038,96696991,ถนนกาญจนาภิเษก (ด,secondary,13.662086738717115,100.40571977032951,13.6582961,100.4054612
1043,96697111,ถนนกาญจนาภิเษก (ด,secondary,13.685469074931095,100.4067653651668,13.687727099999998,100.4069703
1049,96700059,ถนนกาญจนาภิเษก (ด,secondary,13.715958599999997,100.40611900000002,13.713499500000001,100.40642
1054,96700333,ถนนกาญจนาภิเษก (ด,secondary,13.737566427846877,100.40561422929733,13.742085235278623,100.40561107534606
1072,97097209,ถนนบรมราชชนนี (ทา,secondary,13.787139481932886,100.36710893340427,13.787619229132579,100.36251053060958
1075,97097209,ถนนบรมราชชนนี (ทา,secondary,13.78838091600686,100.3533017994112,13.788244396846219,100.34867938224787
1080,97097218,ถนนบรมราชชนนี (ทา,secondary,13.787991100000001,100.3315172,13.78817405323935,100.33613797383941
1082,97097218,ถนนบรมราชชนนี (ทา,secondary,13.788332726103123,100.34075974620887,13.78849191671329,100.34538149322648
1083,97097218,ถนนบรมราชชนนี (ทา,secondary,13.78849191671329,100.34538149322648,13.788673661358755,100.35000236587138
1093,97097218,ถนนบรมราชชนนี (ทา,secondary,13.784989186306998,100.39141483073894,13.784552345751095,100.39601729369795
1096,97097225,ถนนอุทยาน,tertiary,13.778140302887648,100.35920449058646,13.777962528891475,100.3545836886353
1108,97097240,ถนนพุทธมณฑล สาย 3,secondary,13.743107295168397,100.36389547134829,13.738587621980848,100.36387253104478
1111,97097241,ถนนพุทธมณฑล สาย 3,secondary,13.790044899999998,100.3637676,13.784651299999997,100.3637852
1119,97538554,ถนนประเสริฐมนูกิ,primary,13.839110606621267,100.60026929959096,13.836845878844517,100.60427130191638
1124,97538558,,primary,13.839850000000002,100.5751751,13.841535299999999,100.5720818
1125,97538561,,primary,13.840392099999999,100.579662,13.839701699999999,100.57601810000001
1136,98262519,ถนนเพชรเกษม,trunk,13.709186723118846,100.38980609088645,13.70880812232363,100.38519972570086
1146,98262519,ถนนเพชรเกษม,trunk,13.705470137893428,100.34373601902222,13.705104324633554,100.3391282152813
1155,98608717,ถนนเพชรเกษม,trunk,13.705020042829876,100.33668815337539,13.705393729460503,100.34129531708295
1164,98608717,ถนนเพชรเกษม,trunk,13.708410487426805,100.37815025969003,13.708777095720842,100.38275801021729
1175,98870382,ถนนทวีวัฒนา,tertiary,13.724425812204483,100.36538738940143,13.728524512166404,100.36343886565552
1178,98870382,ถนนทวีวัฒนา,tertiary,13.736738774754302,100.35958005612673,13.74084216243848,100.35764168213058
1197,99002204,ถนนพุทธมณฑล สาย 3,secondary,13.734339383049607,100.3637207696768,13.738858363024558,100.36368980106487
1198,99002204,ถนนพุทธมณฑล สาย 3,secondary,13.738858363024558,100.36368980106487,13.74337814759921,100.36366519907787
1209,99178324,ถนนพุทธมณฑล สาย 1,secondary,13.7154156,100.4281707,13.7220687,100.4279778
1212,99178347,ถนนพุทธมณฑล สาย 1,secondary,13.714798799999995,100.428488,13.712475299999994,100.4286417
1213,99178685,ถนนพุทธมณฑล สาย 1,secondary,13.725825999999998,100.4279295,13.732423299999999,100.42779
1214,99178686,ถนนพุทธมณฑล สาย 1,secondary,13.722540500000001,100.4282106,13.722071199999998,100.428216
1234,99182829,ถนนบางแวก,tertiary,13.748171771635256,100.3645141432511,13.747446312726444,100.368619661281
1235,99182829,ถนนบางแวก,tertiary,13.747446312726444,100.368619661281,13.746796999942692,100.37278662022914
1238,99182829,ถนนบางแวก,tertiary,13.746432686642336,100.38153213836195,13.745943600519428,100.3861256026435
1247,99184995,ถนนพุทธมณฑล สาย 2,secondary,13.714604899999996,100.3959002,13.709690599999997,100.3959704
1248,99184996,ถนนพุทธมณฑล สาย 2,secondary,13.722990999999997,100.395625,13.7289855,100.3955039
1260,99187247,ถนนพุทธมณฑล สาย 2,secondary,13.741266500000002,100.39530950000001,13.745784951915939,100.39528508414978
1265,99187251,ถนนพุทธมณฑล สาย 2,secondary,13.740721999999998,100.3953121,13.741266500000002,100.39530950000001
1270,99188734,ถนนพุทธมณฑล สาย 2,secondary,13.750985899999996,100.3954744,13.746466552158754,100.3955293572336
1285,99191372,ถนนพุทธมณฑล สาย 2,secondary,13.7697584,100.3951159,13.769472599999999,100.3951234
1288,99192583,ถนนพุทธมณฑล สาย 2,secondary,13.786434999999999,100.3945521,13.790951401660775,100.39444400184473
1293,99192588,ถนนพุทธมณฑล สาย 2,secondary,13.773591992218686,100.39506730956384,13.7697584,100.3951159
1306,101896554,ถนนพระรามที่ 2,secondary,13.672900193542782,100.45618959207306,13.675258911567445,100.46012841747054
1311,101896554,ถนนพระรามที่ 2,secondary,13.682033854518666,100.47709333587574,13.683150023781995,100.48157194646512
1316,101896561,ถนนพระรามที่ 2,secondary,13.657861799999994,100.4323426,13.655382129976353,100.42847919326279
1325,106057605,ถนนบรมราชชนนี,trunk,13.788362676123942,100.34501345882242,13.788550198236686,100.34963392275743
1330,106057605,ถนนบรมราชชนนี,trunk,13.787297317539506,100.36805845335537,13.786802367413786,100.37265503071829
1331,106057605,ถนนบรมราชชนนี,trunk,13.786802367413786,100.37265503071829,13.786299452365204,100.37725043735513
1342,113135397,ถนนอ่อนนุช,secondary,13.709100970496198,100.61592374887057,13.709189359267071,100.6205059310253
1356,113514056,ทางรถไฟสายเก่าปา,tertiary,13.6825412,100.5913449,13.682151000000001,100.5913479
1357,116568860,ถนนหลวงแพ่ง,secondary,13.706853999999998,100.8315221,13.705200611924894,100.83582357693452
1362,116569489,ถนนหลวงแพ่ง,secondary,13.707052,100.8309958,13.706853999999998,100.8315221
1372,116847248,ถนนฉลองกรุง,tertiary,13.730471299999996,100.7833331,13.7340448,100.7859319
1373,116847250,ถนนฉลองกรุง,tertiary,13.7340448,100.7859319,13.737392924792564,100.7890364233451
1375,116847250,ถนนฉลองกรุง,tertiary,13.741232096075471,100.79127869216272,13.745553228571008,100.79263042831957
1376,116847250,ถนนฉลองกรุง,tertiary,13.745553228571008,100.79263042831957,13.749893993888904,100.79391392675409
1377,116847250,ถนนฉลองกรุง,tertiary,13.749893993888904,100.79391392675409,13.753676405073238,100.79642849025774
1382,117021588,ถนนหทัยราษฎร์,tertiary,13.91320321223911,100.72158971174714,13.908688922862824,100.72174015566945
1383,117021588,ถนนหทัยราษฎร์,tertiary,13.908688922862824,100.72174015566945,13.904170578980345,100.72182135706102
1384,117021588,ถนนหทัยราษฎร์,tertiary,13.904170578980345,100.72182135706102,13.89965245862319,100.72191680765623
1385,117021588,ถนนหทัยราษฎร์,tertiary,13.89965245862319,100.72191680765623,13.895133889019025,100.72198710792841
1387,117021588,ถนนหทัยราษฎร์,tertiary,13.890615998924224,100.72209345922174,13.886098148326168,100.72220193442149
1389,117021588,ถนนหทัยราษฎร์,tertiary,13.8815799800379,100.72229609819829,13.878238399999995,100.7223658
1404,117147089,ถนนสุวินทวงศ์,primary,13.813527893378463,100.77042188468047,13.81308547829467,100.77502388423723
1412,117147089,ถนนสุวินทวงศ์,primary,13.809910631943163,100.80722931476967,13.809467232312603,100.81183102107833
1415,117147089,ถนนสุวินทวงศ์,primary,13.808594188827016,100.82103576675655,13.808191162857392,100.82564133454653
1425,117147089,ถนนสุวินทวงศ์,primary,13.80423997763633,100.86705208126261,13.803812068170787,100.87165509823626
1426,117147089,ถนนสุวินทวงศ์,primary,13.803812068170787,100.87165509823626,13.803370553131257,100.87625674780116
1432,117147089,ถนนสุวินทวงศ์,primary,13.807862661923897,100.89771875407683,13.808582168867614,100.90228356319366
1440,119026751,ถนนราชพฤกษ์,primary,13.7508593,100.44664650000001,13.7446333,100.44786610000001
1452,119056002,ถนนบรมราชชนนี,trunk,13.780260885455878,100.43471339671896,13.780785663125146,100.43012044745136
1465,119067266,ถนนเลียบทางรถไฟบ,tertiary,13.7822302,100.4485362,13.781220299999994,100.4497815
1489,119106952,ถนนบางขุนนนท์,tertiary,13.76674159404613,100.47142828532223,13.763967200000002,100.47379860000001
1493,119458093,ถนนบรมราชชนนี (ทา,secondary,13.7822646,100.450939,13.7812001,100.4473884
1503,119459456,ถนนชัยพฤกษ์,tertiary,13.7857827,100.4626987,13.78178613725991,100.46468567329721
1507,119468124,ถนนสิรินธร,secondary,13.789827253872456,100.4791187667134,13.788397153136428,100.48350548457142
1526,119476428,ถนนบรมราชชนนี,primary,13.781332789898563,100.47457051000436,13.778005945470628,100.47770057855479
1529,119476431,,secondary,13.788108,100.4703187,13.786750699999999,100.4657012
1532,119707011,ถนนอรุณอมรินทร์,secondary,13.763410099999998,100.4827743,13.763058099999997,100.48274110000001
1534,119707175,ถนนอรุณอมรินทร์,secondary,13.747101899999997,100.48459810000001,13.752100199999996,100.4835556
1550,121040692,ถนนอ่อนนุช,secondary,13.713260999999996,100.64596580000001,13.7131175,100.6455653
1561,121040703,ถนนศรีนครินทร์,primary,13.7329549,100.6411176,13.733338699999997,100.6410798
1562,121040704,ถนนศรีนครินทร์,primary,13.702495199999998,100.6462426,13.700464800000002,100.646702
1563,121040705,ถนนศรีนครินทร์,primary,13.733435600000002,100.6412518,13.733080999999997,100.64128180000002
1570,121040713,ถนนศรีนครินทร์,primary,13.715065999999998,100.6433054,13.714025800000002,100.6435532
1574,121040716,ถนนศรีนครินทร์,primary,13.733080999999997,100.64128180000002,13.72857523720168,100.64162573275698
1577,121040717,ถนนศรีนครินทร์,primary,13.721517017183626,100.64196465947529,13.724394399999998,100.6417554
1590,121162395,,tertiary,13.689088499999995,100.6380028,13.689103000000001,100.6352253
1592,121162436,,tertiary,13.689435999999999,100.6401205,13.689091500000004,100.6382022
1593,121162449,,tertiary,13.698161899999999,100.6375226,13.693899483982515,100.63905482404685
1600,121204005,ถนนสรงประภา,secondary,13.92413931915495,100.59771477685234,13.922843899999998,100.6021609
1603,123043214,ถนนอ่อนนุช,secondary,13.710757001179767,100.63539883717709,13.712100999999997,100.6415693
1608,123209491,ถนนประชาธิปไตย,tertiary,13.759379199999996,100.5024931,13.759781599999998,100.50271330000001
1616,123951243,ถนนตีทอง,tertiary,13.747116,100.4997461,13.751710399999999,100.5004451
1622,124874067,ถนนพระรามที่ 6,primary,13.772288200000002,100.5299646,13.77647843042359,100.53169726773872
1628,124874080,ถนนพหลโยธิน,primary,13.766515099999998,100.5391039,13.7671257,100.5394269
1652,139053558,ถนนบางขุนเทียน,secondary,13.663538107304436,100.42896198282752,13.667963510739865,100.42802338048546
1655,139058938,ถนนบางขุนเทียน,secondary,13.586066453088154,100.42846333374472,13.581876214300559,100.42673679271167
1656,139058938,ถนนบางขุนเทียน,secondary,13.581876214300559,100.42673679271167,13.577692652977028,100.42500539737023
1658,139058938,ถนนบางขุนเทียน,secondary,13.573602968455141,100.423080105152,13.570015918426236,100.42026938675606
1681,139059211,ถนนบางขุนเทียน,secondary,13.629693403060003,100.43414772732044,13.63414192846236,100.43333041305719
1682,139059211,ถนนบางขุนเทียน,secondary,13.63414192846236,100.43333041305719,13.63859586563702,100.43254549797037
1683,139059211,ถนนบางขุนเทียน,secondary,13.63859586563702,100.43254549797037,13.643061894149104,100.43184127087088
1684,139059211,ถนนบางขุนเทียน,secondary,13.643061894149104,100.43184127087088,13.647544472194307,100.43125095860314
1689,139066403,ถนนบางขุนเทียน,secondary,13.659089199999999,100.4298249,13.6542609,100.4304943
1697,139487069,ถนนอรุณอมรินทร์,secondary,13.746743299999995,100.4847888,13.7421686,100.4875185
1702,139497770,ถนนกรุงธนบุรี,primary,13.720672292722163,100.50172815639068,13.720785528751021,100.4971067376832
1709,139500581,ถนนราชพฤกษ์,primary,13.720517399999999,100.4911538,13.719207200374399,100.48674382601156
1712,140126420,ถนนเทอดไท,tertiary,13.703448800000002,100.42145460000002,13.705110953899043,100.42569344771113
1719,140126420,ถนนเทอดไท,tertiary,13.714604894961006,100.44959180676793,13.71584812027657,100.45391475014912
1720,140126420,ถนนเทอดไท,tertiary,13.71584812027657,100.45391475014912,13.717272399999999,100.4586003
1730,140395064,ถนนพิบูลสงคราม,secondary,13.820008300000001,100.5096434,13.818433799999996,100.5149204
1732,140396500,ถนนวงศ์สว่าง,primary,13.826561899999998,100.5265776,13.823446368393963,100.52322887458045
1736,140477980,ถนนจรัญสนิทวงศ์,primary,13.783750200000002,100.4932038,13.782505800000001,100.4912215
1742,140482822,ถนนจรัญสนิทวงศ์,primary,13.802583927361182,100.51176319841188,13.798632855298456,100.50963751471402
1744,140482822,ถนนจรัญสนิทวงศ์,primary,13.794976465432402,100.5069197762002,13.791330089715387,100.50418983477616
1748,140484015,ถนนจรัญสนิทวงศ์,primary,13.765261100000002,100.47487400000001,13.7664647,100.47588790000002
1750,140484017,ถนนจรัญสนิทวงศ์,primary,13.765174299999998,100.4749844,13.76170629891188,100.47202268180585
1762,140486620,,primary,13.726390499999997,100.4756794,13.7256631,100.47606830000001
1763,140486621,,primary,13.7309324,100.4734355,13.728304,100.4747314
1772,140487199,ถนนรัชดาภิเษก,primary,13.724703400000003,100.4762779,13.725611799999998,100.4759239
1773,140487200,ถนนรัชดาภิเษก,primary,13.7187573,100.4774975,13.724703400000003,100.4762779
1780,144204008,กัลปพฤกษ์,secondary,13.6916516,100.43479780000001,13.688606,100.4300494
1784,144374771,รัชดา-รามอินทรา (ต,secondary,13.8196503,100.6572921,13.818720999999995,100.65235890000001
1788,144892835,รัชดา-รามอินทรา (ต,secondary,13.819913599999998,100.669344,13.819826700000004,100.6696662
1799,146580670,ถนนงามวงศ์วาน,primary,13.854939,100.5482728,13.854618799999999,100.5489279
1814,146997576,ประชาอุทิศ 90,tertiary,13.607919000000003,100.5069004,13.611289399999999,100.5107327
1815,147609453,ถนนสีหบุรานุกิจ,secondary,13.8124513,100.7287463,13.81250405704596,100.72412588548465
1821,148694269,ถนนพระรามที่ 2,secondary,13.627995205543003,100.39487661800739,13.631233767276417,100.39810009752809
1835,149945934,ถนนรามอินทรา,primary,13.83135170082591,100.66987440545704,13.83455506723227,100.66661232591292
1840,149945938,ถนนศรีบูรพา,secondary,13.78071870762882,100.65028576301626,13.783309999999997,100.6483144
1845,149945946,ถนนศรีบูรพา,secondary,13.769012399999998,100.6569598,13.771601999999996,100.6553855
1857,149946056,ถนน ลาดพร้าว 101,tertiary,13.779499693931728,100.63012322538086,13.783989776398863,100.63059801944236
1858,149946056,ถนน ลาดพร้าว 101,tertiary,13.783989776398863,100.63059801944236,13.78826360952367,100.62912911748684
1859,149946056,ถนน ลาดพร้าว 101,tertiary,13.78826360952367,100.62912911748684,13.792663028928429,100.62807242417574
1867,150283741,ถนนสมเด็จพระเจ้า,primary,13.712845627303869,100.48850819154109,13.708566957137716,100.48701883546212
1872,150283742,ถนนสมเด็จพระเจ้า,primary,13.698206427480093,100.48329388007228,13.702485209549538,100.48478286502052
1893,150284268,ประชาอุทิศ,secondary,13.611048286989313,100.51092475810327,13.614811515814175,100.51058177633763
1895,150284268,ประชาอุทิศ,secondary,13.619041764804436,100.5113996439679,13.623089403984675,100.50967580157058
1898,150284268,ประชาอุทิศ,secondary,13.630035496035728,100.50412705167328,13.636307900000002,100.501934
1900,150566153,ถนนรามคำแหง,primary,13.77112973798208,100.6632416661435,13.772730000000001,100.66574630000001
1901,150566157,ถนนรามคำแหง,primary,13.7865459,100.6910924,13.784331823933757,100.68706506361823
1909,150890434,ถนนกำแพงเพชร,secondary,13.797190800000001,100.5385128,13.797746560256899,100.54282919148847
1910,150890434,ถนนกำแพงเพชร,secondary,13.797746560256899,100.54282919148847,13.7977865,100.5484931
1925,151111584,ถนนรามคำแหง,primary,13.798284699999996,100.7131019,13.7956786,100.707937
1926,151111587,ถนนรามคำแหง,primary,13.795456199999999,100.7074671,13.793297633901132,100.70340477986271
1928,151111589,ถนนรามคำแหง,primary,13.789824699999997,100.6971237,13.7865459,100.6910924
1941,151733501,ถนนรามอินทรา,primary,13.838423499999998,100.662442,13.8385656,100.6622117
1942,151977564,ประชาอุทิศ,secondary,13.636307900000002,100.501934,13.6405708,100.5001246
1944,151977567,ประชาอุทิศ,secondary,13.644877663331334,100.49875746264054,13.64765194204613,100.49600811309939
1963,152842318,ถนนพุทธมณฑลสาย 1,secondary,13.744440899999999,100.4275913,13.742554200000002,100.4276578
1964,152842319,ถนนพุทธมณฑลสาย 1,secondary,13.7366571,100.4275401,13.738316000000001,100.4274328
1968,152993902,ถนนนาคนิวาส,tertiary,13.808555925706653,100.60871241342193,13.81272015976626,100.61045402969731
1970,152993902,ถนนนาคนิวาส,tertiary,13.817070455642664,100.61006105565073,13.821388858656329,100.60893176397933
1977,153225684,ถนนพระรามที่ 4,primary,13.712920364587918,100.58386205179762,13.71367640480082,100.57937708985506
1990,153265216,ถนนรามอินทรา,primary,13.812673399999998,100.697269,13.812696477106028,100.69264475141848
1991,153265216,ถนนรามอินทรา,primary,13.812696477106028,100.69264475141848,13.81386075791892,100.68833297515599
1993,153265224,ถนนรามอินทรา,primary,13.8126619,100.697708,13.812673399999998,100.697269
1997,153265232,ถนนรามอินทรา,primary,13.812667951579138,100.70500039842597,13.81267630757789,100.70037615722629
2000,153265237,ถนนรามคำแหง,primary,13.802959820877584,100.72219980607338,13.805487926487737,100.72593651357958
2001,153265237,ถนนรามคำแหง,primary,13.805487926487737,100.72593651357958,13.807942000000002,100.7285456
2003,153265239,ถนนรามคำแหง,primary,13.804614795243168,100.72540322966361,13.802396586019674,100.72140770388638
2005,153265245,ถนนรามคำแหง,primary,13.813967699999997,100.7397847,13.8107441,100.7338858
2011,153265264,ถนนรามคำแหง,primary,13.7727552,100.66604250000002,13.772613299999998,100.6657846
2013,153265269,ถนนรามคำแหง,primary,13.798344199999999,100.7130496,13.800853899999998,100.7181123
2024,153265303,ถนนเสรีไทย,primary,13.8004218,100.7032965,13.800311199999998,100.7030344
2031,153265318,ถนนเสรีไทย,primary,13.780715877608337,100.66940350551626,13.779491499999999,100.6673318
2036,153265326,ถนนเสรีไทย,primary,13.78194907838921,100.6711717167368,13.784866195932713,100.6746493708137
2039,153265330,ถนนเสรีไทย,primary,13.792021837992065,100.68372780969074,13.790217041653188,100.67948960179923
2042,153265336,ถนนเสรีไทย,primary,13.786844199999999,100.67667,13.786554,100.6763633
2050,153265437,กรุงเทพกรีฑา,tertiary,13.742978942059866,100.67422348631612,13.742091285351103,100.67872221619015
2074,154230285,ถนนสุวินทวงศ์,primary,13.80750993202188,100.89635144491575,13.806791547388304,100.89178645677612
2083,154230285,ถนนสุวินทวงศ์,primary,13.80507023733043,100.85647323414449,13.805500984237428,100.85187043157951
2088,154230285,ถนนสุวินทวงศ์,primary,13.80724087699977,100.83346070637866,13.807681627642225,100.82885879583856
2104,154230285,ถนนสุวินทวงศ์,primary,13.814395984995828,100.7598385605281,13.814890299321984,100.75524274156572
2111,154400170,ถนนบางนา-ตราด,trunk,13.66534657271583,100.64608539300261,13.666257650813344,100.64155871028822
2112,154400170,ถนนบางนา-ตราด,trunk,13.666257650813344,100.64155871028822,13.667155450798797,100.63702939339271
2117,154400170,ถนนบางนา-ตราด,trunk,13.670703080075981,100.6189023357592,13.671404300000003,100.6152192
2151,154579450,ถนนพระรามที่ 3,primary,13.688934299999996,100.5475261,13.695561000000001,100.5466798
2152,154579454,ถนนพระรามที่ 3,secondary,13.6994347,100.4944993,13.696445820075143,100.49789025988056
2159,154579556,สุขสวัสดิ์,primary,13.672570287078356,100.50738284849722,13.669968399999998,100.5114565
2161,154579568,ถนนสุขสวัสดิ์,primary,13.679806200000002,100.4955069,13.6799952,100.4952352
2172,154579633,,tertiary,13.683510756976089,100.4979854685,13.682241074931634,100.5023752661514
2176,154579644,,tertiary,13.677913804051006,100.51340245186354,13.674897899999998,100.51739390000002
2187,154773961,สะพานพระราม 3,primary,13.699232627796388,100.4949942119223,13.70182237249685,100.49122941335695
2207,154774029,ถนนเจริญกรุง,secondary,13.716837584179993,100.51435741815833,13.7120234,100.5122609
2208,154774046,ถนนเจริญราษฎร์,secondary,13.7187174,100.5199244,13.713780600000002,100.5200757
2214,154774053,ถนนเจริญราษฎร์,secondary,13.70973824189811,100.51912164238567,13.7137735,100.5199256
2215,154774059,ถนนนราธิวาสราชนค,tertiary,13.728539900000001,100.5271157,13.726401799999998,100.5281654
2222,154774095,ถนนรัชดาภิเษก,primary,13.695495499999998,100.5352394,13.693591600000001,100.530236
2223,154928970,ถนนพุทธมณฑล สาย 1,secondary,13.798714299999999,100.4263416,13.794202567212883,100.42651597115596
2240,155065798,ถนนเพชรเกษม,primary,13.728907399999999,100.4771577,13.728047000000002,100.4715462
2245,155065806,ถนนพรานนก,secondary,13.754915199999997,100.4694866,13.755303107395184,100.47409325940369
2255,155900628,ถนนพหลโยธิน,primary,13.899672037851595,100.6108332778768,13.903600877649492,100.61311967783655
2257,155900628,ถนนพหลโยธิน,primary,13.90752845562832,100.61540837600822,13.911431628849881,100.61774041224928
2259,155900628,ถนนพหลโยธิน,primary,13.915344855657558,100.62005455993683,13.91925634231992,100.62237203725154
2262,155900628,ถนนพหลโยธิน,primary,13.927250272714982,100.62640623229147,13.931702535587265,100.62561226534235
2271,155900634,ถนนพหลโยธิน,primary,13.926486288970498,100.62661094317617,13.9224825703369,100.62450451144575
2275,155900634,ถนนพหลโยธิน,primary,13.91077197883952,100.61751004462623,13.90686358141323,100.6151872833226
2278,155900634,ถนนพหลโยธิน,primary,13.89900574567801,100.61061483288866,13.895103715278825,100.60828091286524
2280,155900634,ถนนพหลโยธิน,primary,13.891183829352686,100.60597852186972,13.887259229851045,100.60368473952566
2287,155900640,ถนนพหลโยธิน,primary,13.863202120361489,100.58946086728074,13.858868899999997,100.5869202
2293,155900657,ถนนรามอินทรา,primary,13.866219069048835,100.61107734670769,13.868440879535457,100.6070526903104
2300,155900665,ถนนรามอินทรา,primary,13.867882996190668,100.60846556084536,13.86566392083792,100.61249390437884
2302,155900665,ถนนรามอินทรา,primary,13.863519142220722,100.61656512698887,13.861351305136319,100.62062372544513
2306,155900665,ถนนรามอินทรา,primary,13.854778952216822,100.63275981247277,13.852594973737952,100.63680845198381
2322,156111308,ถนนนาวงประชาพัฒน,tertiary,13.933111299999998,100.56685,13.934963799999998,100.567526
2330,156126114,ถนนปัญญาอินทรา,tertiary,13.832671199999998,100.6775959,13.834559355003687,100.68172271911533
2368,156261343,ถนนเพชรบุรี,primary,13.749153599999998,100.5618281,13.748763400000001,100.5650622
2379,156261464,สุขุมวิท 50,tertiary,13.702292499999999,100.5889533,13.704007092125455,100.59321705554615
2385,156261471,ถนนเทอดไท,tertiary,13.717596099999998,100.4594235,13.719515362471194,100.46323997539795
2397,156358631,ถนนประดิษฐ์มนูธร,secondary,13.758580399999998,100.596179,13.757725499999998,100.59613500000002
2400,156359922,ถนนเพชรพระราม,tertiary,13.749463700000002,100.5991412,13.745183354474808,100.59765800649048
2417,156420657,ถนนพระรามที่ 5,secondary,13.7765314,100.5207167,13.780517964149167,100.52289432004753
2426,156425691,ถนนตรีเพชร,secondary,13.7451445,100.499345,13.747116,100.4997461
2428,156425694,ถนนสุโขทัย,tertiary,13.7798381,100.5131446,13.777994891363324,100.51736667767038
2432,156512602,ถนนเสนานิคม 1,tertiary,13.83407114434914,100.57649802117183,13.834808239987598,100.58105193758789
2434,156512602,ถนนเสนานิคม 1,tertiary,13.833561235052747,100.58549042146318,13.8325095,100.588966
2440,156591169,ถนนนวมินทร์,primary,13.838662499999996,100.6625529,13.834484664706805,100.66079106299449
2447,156591170,ถนนนวลจันทร์,tertiary,13.844938715685368,100.6328793816176,13.8404408,100.6343628
2452,156591177,ถนนลาดกระบัง,secondary,13.721871382420987,100.78319930944788,13.721834199999998,100.78078580000002
2456,156591209,ถนนประเสริฐมนูกิ,primary,13.840613696126098,100.58033261146547,13.840754769042958,100.5849543583937
2457,156591209,ถนนประเสริฐมนูกิ,primary,13.840754769042958,100.5849543583937,13.841441100000003,100.5893883
2476,156591233,ถนนรามคำแหง,primary,13.772613299999998,100.6657846,13.770142836451855,100.6619148529745
2494,156591249,ถนนสุขุมวิท 71,tertiary,13.724481936347635,100.59590346228372,13.71996328065564,100.59582014504191
2501,156591293,,tertiary,13.859448299999999,100.5872385,13.8576579,100.588762
2505,156644643,ถนนเฉลิมพระเกียร,secondary,13.677368257382911,100.65335919718244,13.676877744424564,100.65795251947392
2527,156647928,สุขุมวิท 105 (ถนนลาซ,secondary,13.662757943052608,100.61758825722323,13.661578087382342,100.62204951440944
2533,156647928,สุขุมวิท 105 (ถนนลาซ,secondary,13.655669034380663,100.6443475824104,13.654400100000002,100.6491127
2546,156672775,ถนนพหลโยธิน,primary,13.854886943658833,100.58440281434144,13.858086899999998,100.5863075
2547,156672776,ถนนงามวงศ์วาน,primary,13.8544693,100.5488145,13.855525400000003,100.5468979
2549,156672780,ถนนงามวงศ์วาน,primary,13.841535299999999,100.5720818,13.843772489544147,100.56806474714953
2587,156723989,ถนนเทศบาลสงเคราะ,tertiary,13.83984689880753,100.54964046271603,13.840155099179379,100.5450339893012
2590,156725005,ถนนประชาราษฎร์สา,secondary,13.7996507,100.5213534,13.797243400000001,100.5213537
2594,156763607,ถนนรัชดาภิเษก,primary,13.80818170012191,100.57519415856424,13.805295500000001,100.5750517
2597,156763612,ถนนรัชดาภิเษก,primary,13.817192599999998,100.575365,13.821577744075274,100.57449962231082
2598,156763612,ถนนรัชดาภิเษก,primary,13.821577744075274,100.57449962231082,13.824725999999998,100.5720259
2599,156763613,ถนนรัชดาภิเษก,primary,13.775227999999995,100.5734143,13.775645599999999,100.5734697
2600,156763614,ถนนลาดพร้าว,primary,13.7988623,100.5863704,13.80108903994995,100.5823467815195
2603,156763615,ถนนรัชดาภิเษก,primary,13.778136,100.5735958,13.778818699999999,100.5736251
2608,156763618,ถนนรัชดาภิเษก,primary,13.7689921,100.5723244,13.771234100000001,100.57317780000001
2612,156763622,ถนนรัชดาภิเษก,primary,13.771234100000001,100.57317780000001,13.773785500000002,100.5733156
2618,156763628,ถนนรัชดาภิเษก,primary,13.8020069,100.5748263,13.801082900000003,100.5748189
2619,156763632,ถนนรัชดาภิเษก,primary,13.778815499999999,100.5736944,13.778133,100.5736595
2620,156763633,ถนนลาดพร้าว,primary,13.8060773,100.5737615,13.80379720814958,100.57775336828468
2627,156763635,ถนนรัชดาภิเษก,primary,13.782731769185535,100.57391402811022,13.778219099977765,100.57372843619048
2628,156763635,ถนนรัชดาภิเษก,primary,13.778219099977765,100.57372843619048,13.7739297,100.5734922
2630,156763636,ถนนรัชดาภิเษก,primary,13.821257710311079,100.57485625972986,13.817211099999998,100.575569
2635,156763647,ถนนรัชดาภิเษก,primary,13.7900846,100.57423350000002,13.789407299999999,100.574204
2637,156763650,ถนนรัชดาภิเษก,primary,13.761590500000002,100.5665878,13.765196417202116,100.56936776531812
2638,156763650,ถนนรัชดาภิเษก,primary,13.765196417202116,100.56936776531812,13.7689921,100.5723244
2648,156763856,ถนนศรีนครินทร์,secondary,13.658525999999998,100.6428983,13.654654900000004,100.642124
2650,156763858,ถนนศรีนครินทร์,secondary,13.658549500000001,100.6428087,13.6596946,100.6430149
2654,156767811,,primary,13.7568098,100.5583818,13.75628021958579,100.56294456730113
2662,156767816,,primary,13.755671966940792,100.56984481747514,13.756020928802744,100.56523513342596
2665,156767821,,primary,13.756327899999999,100.5614206,13.7563544,100.560232
2673,156771536,ถนนพระราม 9,primary,13.7548868,100.5801145,13.75518574064061,100.57550432982096
2679,156790286,ถนนทรัพย์,tertiary,13.7321352,100.526793,13.7288439,100.5280951
2692,156810594,ถนนรามคำแหง,primary,13.761050110290885,100.63181764624314,13.760561244787208,100.6272214482304
2696,156810596,ถนนพระราม 9,primary,13.751454484551447,100.59379892295439,13.750172200000002,100.5977076
2703,156815130,ถนนพระราม 9,primary,13.75378787237971,100.58599880547209,13.754506099999999,100.5834125
2705,156815132,ถนนพระราม 9,secondary,13.753548752890948,100.58625241699337,13.754438899999998,100.5827221
2711,156815157,ถนนพระราม 9,primary,13.748152999999999,100.603053,13.749000899999999,100.60053970000001
2712,156816748,ถนนพระราม 9,primary,13.7474386,100.6051108,13.748152999999999,100.603053
2723,156966531,ถนนเชื้อเพลิง,tertiary,13.718700199999995,100.5532019,13.719687699999996,100.5530017
2758,157053117,ถนนสุทธิสารวินิจ,tertiary,13.789384350191,100.5853485370899,13.789552299999999,100.5804439
2760,157063985,,tertiary,13.717311699999998,100.558093,13.716615299999999,100.5582044
2765,157116597,ถนนพิชัย,tertiary,13.7819187,100.5180033,13.780224499999996,100.5171883
2770,157319681,ถนนเยาวราช,secondary,13.737314999999999,100.51287420000001,13.738321399999998,100.5125341
2771,157319686,ถนนเจริญกรุง,secondary,13.746738400000002,100.5041368,13.745637799999997,100.50565770000001
2778,157373202,ถนนรัชดาภิเษก,primary,13.717463599999999,100.5580072,13.723271699999998,100.5601053
2779,157373203,ถนนพระรามที่ 3,primary,13.712997999999999,100.55383250000001,13.710908099999997,100.5517149
2780,157373204,ถนนรัชดาภิเษก,primary,13.717418599999997,100.5580814,13.716599099999996,100.5572814
2805,157690704,ถนนหลานหลวง,primary,13.756406500000002,100.5096313,13.756344299999999,100.5061559
2808,157690707,ถนนศรีอยุธยา,primary,13.761991400000001,100.5254188,13.759946399999999,100.5300161
2809,157690708,ถนนพระรามที่ 6,primary,13.762083799999997,100.5257606,13.768337899999999,100.5282937
2810,157690709,ถนนพระพิทักษ์,tertiary,13.745386499999997,100.4964622,13.745310299999998,100.4974013
2829,157690719,ถนนลาดพร้าว,primary,13.777146057903444,100.62540758431729,13.774917208341483,100.62942959013635
2830,157690719,ถนนลาดพร้าว,primary,13.774917208341483,100.62942959013635,13.772668877189064,100.63344015164603
2834,157690721,ถนนพหลโยธิน,primary,13.8139084,100.5602539,13.814850799999995,100.5608826
2842,157778005,ถนนลาดพร้าว,primary,13.797240300000004,100.589289,13.797428499999999,100.5889039
2862,157800017,ถนนประชาราษฎร์สา,secondary,13.806389399999999,100.5215422,13.810902385531426,100.52179115376305
2863,157800017,ถนนประชาราษฎร์สา,secondary,13.810902385531426,100.52179115376305,13.814077599999996,100.5211672
2864,157800018,ถนนพระรามที่ 4,primary,13.730898799999999,100.5337201,13.729679399999997,100.5365793
2874,157800028,ถนนประชาชื่น,tertiary,13.8178138,100.536055,13.82221650862751,100.53709867209204
2880,157800030,ถนนกรุงเทพฯ-นนทบ,secondary,13.81538601150459,100.53185349442376,13.819877979463516,100.53235972166931
2885,157800034,ถนนรัชดาภิเษก,primary,13.830730620030057,100.53435238268074,13.8305002,100.5319765
2886,157800035,ถนนกรุงเทพฯ-นนทบ,secondary,13.832215399999999,100.5238303,13.8284119,100.5284116
2892,157801905,ถนนรัชดาภิเษก,primary,13.83012799654057,100.54361045241818,13.8300961,100.5479078
2897,157925787,,tertiary,13.821884569443382,100.52658220010419,13.822189099999996,100.5292746
2902,158003966,ถนนประชาชื่น,tertiary,13.834941789121958,100.54004527188249,13.839338572295,100.54111492528753
2909,158010307,ถนนวิทยุ,secondary,13.726851199999999,100.5447042,13.726338299999997,100.5445798
2918,158065685,ถนนวิทยุ,secondary,13.734672799999997,100.5459886,13.7353421,100.5460454
2919,158065686,ถนนวิทยุ,secondary,13.734013099999995,100.5457947,13.734672799999997,100.5459886
2927,158924763,ถนนเทศบาลสงเคราะ,tertiary,13.839938499999999,100.5416312,13.840211880845157,100.54624372076597
2930,159378391,ถนนเพชรบุรี,primary,13.752401299999997,100.5341429,13.753088299999998,100.53201740000002
2933,159378394,ถนนเพชรบุรี,primary,13.754105600000004,100.529365,13.753323799999997,100.531736
2948,159384167,,secondary,13.756734699999999,100.5394453,13.756027663797225,100.5439099051678
2965,159418729,ถนนสรงประภา,secondary,13.925218765658967,100.59321098283314,13.926396028804833,100.58874441768907
2972,159418739,ถนนวิภาวดีรังสิต,trunk,13.89947805495809,100.59047302187167,13.894269000000003,100.5875372
2989,159520332,ถนนกำแพงเพชร 6,tertiary,13.855998847068236,100.56519133475678,13.859955990941847,100.56739697999576
2990,159520332,ถนนกำแพงเพชร 6,tertiary,13.859955990941847,100.56739697999576,13.864193099999996,100.5696179
2994,159520349,ถนนวิภาวดีรังสิต,trunk,13.938733211298551,100.61214461020657,13.934796280489337,100.60987556040119
2995,159520349,ถนนวิภาวดีรังสิต,trunk,13.934796280489337,100.60987556040119,13.93082103885545,100.60767520534489
3001,159520349,ถนนวิภาวดีรังสิต,trunk,13.911019248988566,100.59653172055765,13.907057830024312,100.59430496879345
3002,159520349,ถนนวิภาวดีรังสิต,trunk,13.907057830024312,100.59430496879345,13.90307573041897,100.59211727129237
3009,159520349,ถนนวิภาวดีรังสิต,trunk,13.879265139943785,100.57884278620097,13.875298729799189,100.57662571061101
3015,159520349,ถนนวิภาวดีรังสิต,trunk,13.855326367358279,100.56580959055603,13.851328239570028,100.56365494825106
3029,160519031,ถนนรามอินทรา,primary,13.862876999999997,100.6173708,13.863810600000003,100.6157276
3038,160575801,คู่ขนานมอเตอร์เว,tertiary,13.727986,100.7472391,13.728104599999998,100.7462293
3051,162175619,,tertiary,13.758748100000004,100.4930341,13.7580429,100.4938639
3057,162176134,ถนนจรัญสนิทวงศ์,primary,13.773955299999997,100.4824683,13.773424500000003,100.4820415
3059,162176635,ถนนจรัญสนิทวงศ์,primary,13.776154599999998,100.4842948,13.774725,100.4831592
3068,162213991,ถนนจรัญสนิทวงศ์,primary,13.773547099999996,100.4819309,13.7740438,100.4823592
3080,162348046,กรุงเทพกรีฑา,tertiary,13.7491344,100.6506926,13.7490365,100.650953
3105,162639453,แยกอนุสาวรีย์ประ,primary,13.756347899999998,100.5019768,13.756566999999997,100.5014892
3107,162639456,ถนนราชดำเนินกลาง,primary,13.756277800000001,100.50336190000002,13.756428399999999,100.5021268
3113,162647367,ถนนจรัญสนิทวงศ์,primary,13.7850549,100.495352,13.7846492,100.4947225
3119,162647369,ถนนจรัญสนิทวงศ์,primary,13.797661478145034,100.50874117883886,13.801411736146527,100.51128858953287
3139,168680413,ถนนพหลโยธิน,primary,13.793586834457926,100.54971161768158,13.789820399999996,100.5483522
3141,168686898,,tertiary,13.816256700000002,100.5585442,13.816536500000003,100.5586026
3143,168686908,,tertiary,13.8163869,100.55831240000002,13.816536500000003,100.5586026
3145,168739073,ถนนแจ้งวัฒนะ,primary,13.8845532,100.5809973,13.885759099999996,100.578793
3162,168812900,ถนนกาญจนาภิเษก (ด,secondary,13.783092099999998,100.4098909,13.780358400000004,100.4090697
3167,169343043,สะพานเฉลิมวันชาต,tertiary,13.759781599999998,100.50271330000001,13.7600469,100.5028784
3185,170295671,,secondary,13.660786999999997,100.6249928,13.6577063,100.6232085
3186,170295672,,secondary,13.660594499999998,100.6253345,13.660335900000002,100.6247476
3191,174079386,ถนนแจ้งวัฒนะ,primary,13.8855399,100.57957210000001,13.885232199999999,100.580122
3194,174185881,ถนนราชวิถี,primary,13.765302899999998,100.5377482,13.765350699999999,100.5379457
3195,174466201,ถนนแจ้งวัฒนะ,primary,13.8805886,100.58797010000002,13.882476099999998,100.5846293
3196,174466202,ถนนแจ้งวัฒนะ,primary,13.880143699999998,100.5887302,13.8805886,100.58797010000002
3201,174466212,ถนนลาดปลาเค้า,tertiary,13.848399499999998,100.6042439,13.852242188415161,100.60661197409506
3214,174466243,,tertiary,13.855120499999995,100.5893263,13.8576271,100.588687
3218,175257877,ถนนพระรามที่ 4,secondary,13.737576699999998,100.5159018,13.737564200000001,100.5157835
3220,175257879,ถนนพาหุรัด,tertiary,13.7448496,100.5005479,13.7451445,100.499345
3228,175282276,ถนนพหลโยธิน,primary,13.839962899999998,100.5756603,13.8429123,100.5774434
3231,175282293,ถนนพหลโยธิน,primary,13.8429123,100.5774434,13.8430972,100.5775565
3235,175803646,สะพานผ่านพิภพลีล,tertiary,13.757169399999999,100.4950586,13.7570583,100.4949286
3247,175803655,ถนนสวรรคโลก,tertiary,13.7761755,100.5283909,13.775267199999998,100.5278969
3248,175803656,ถนนศรีอยุธยา,secondary,13.771119,100.5051444,13.770733599999998,100.5062084
3256,175803677,ถนนราชดำเนินใน,tertiary,13.756439099999996,100.49450220000001,13.7524656,100.493558
3258,175803686,ถนนอำนวยสงคราม,tertiary,13.783497300000002,100.5241628,13.785894144074552,100.5202424319807
3264,175807250,ถนนประดิพัทธ์,secondary,13.7924941,100.5349811,13.7924738,100.5350661
3266,175807252,ถนนประดิพัทธ์,secondary,13.7924941,100.5349811,13.7926069,100.53441770000002
3267,175807253,ถนนเทอดดำริ,tertiary,13.791593099999998,100.5344931,13.793310200000002,100.5354136
3274,175807258,ถนนเทอดดำริ,tertiary,13.793310200000002,100.5354136,13.791593099999998,100.5344931
3279,176753955,สะพานมัฆวานรังสร,primary,13.7638005,100.50906180000001,13.763997,100.50919400000001
3291,176762387,ถนนวิสุทธิกษัตริ,tertiary,13.764088989626101,100.50331260843824,13.7680688,100.4988963
3293,176762390,,tertiary,13.7705675,100.4940929,13.770469099999998,100.4939471
3298,176797420,ถนนราชวิถี,primary,13.782339799999997,100.4997959,13.782122,100.5000749
3307,176820829,ถนนอู่ทองใน,tertiary,13.7738054,100.5147875,13.7752232,100.51544690000001
3315,177437029,ถนนพหลโยธิน,primary,13.846259676632524,100.57952676706495,13.8430972,100.5775565
3316,177437030,ถนนพหลโยธิน,primary,13.859231899999996,100.5869855,13.859741800000002,100.5872573
3319,177842846,นิคมอุตสาหกรรมลา,tertiary,13.762993591127927,100.78338576521244,13.759447905555874,100.78535074834977
3324,177842858,นิคมอุตสาหกรรมลา,tertiary,13.757240771465545,100.79349402252278,13.75774371328234,100.78895124272893
3329,177842861,ถนนฉลองกรุง,tertiary,13.770110677265269,100.8097965238749,13.77314670570436,100.81322092451668
3332,177843745,,tertiary,13.750492699999999,100.7942044,13.751029243939882,100.78961416412992
3336,177843746,,tertiary,13.754042699999998,100.76452,13.754228100000002,100.7629949
3346,177961597,ถนนสาทรเหนือ,primary,13.720217699679914,100.52423824018675,13.7219157,100.5300309
3348,177961601,ถนนสุรวงศ์,tertiary,13.727642100000002,100.5242248,13.7260043,100.51887150000002
3351,178165605,ถนนบางนา-ตราด (ทาง,secondary,13.673186600000001,100.6068347,13.672679631157685,100.61139408623802
3366,178353983,ถนนบำรุงเมือง,tertiary,13.751710399999999,100.5004451,13.751732100000003,100.500557
3367,178353984,ถนนบำรุงเมือง,tertiary,13.7514884,100.4981848,13.751591599999998,100.4993194
3370,178353987,ถนนดินสอ,tertiary,13.753426499999996,100.5011285,13.754948500000001,100.5014409
3371,178353990,ถนนราชินี,tertiary,13.7512497,100.4961042,13.746730131484991,100.49609734364999
3385,178872774,ถนนพหลโยธิน,primary,13.8268766,100.5680642,13.822940400313037,100.56579222374015
3394,178872792,ถนนเพชรบุรี,primary,13.744379799999999,100.5860839,13.74539919198083,100.58157975099309
3402,178872803,ถนนเพชรบุรี,primary,13.742471899999998,100.5947493,13.742687300000004,100.5936774
3407,178872820,ถนนพระราม 9,primary,13.756150900000003,100.5652736,13.755813099999997,100.5696916
3413,178872843,ถนนรัชดาภิเษก,primary,13.786998499999997,100.5740243,13.789416000000001,100.5741328
3414,178872845,ถนนรัชดาภิเษก,primary,13.781331399999997,100.5737499,13.781754199999996,100.5737108
3417,178872852,ถนนรัชดาภิเษก,primary,13.792603599999996,100.5742939,13.7929581,100.5742539
3418,178872855,ถนนรัชดาภิเษก,primary,13.786998499999997,100.5740833,13.786614900000002,100.5740978
3420,178872858,ถนนรัชดาภิเษก,primary,13.756471700000002,100.5649701,13.761590500000002,100.5665878
3425,178872913,,primary,13.741158,100.6003786,13.742471899999998,100.5947493
3426,178872936,ถนนเพชรบุรี,primary,13.741572799999998,100.5992447,13.741275500000002,100.60049390000002
3428,178873901,ถนนพัฒนาการ,primary,13.7409799,100.600917,13.739244099999999,100.6049803
3436,179101350,ถนนวิภาวดีรังสิต,trunk,13.782064799999999,100.5576904,13.78599538596159,100.55996467818986
3440,179101350,ถนนวิภาวดีรังสิต,trunk,13.799265842299162,100.56037679086191,13.803768862713289,100.56002698762481
3442,179101352,ถนนวิภาวดีรังสิต,trunk,13.781985799999998,100.5577857,13.7875747,100.5609654
3447,179101355,,trunk,13.779939049559879,100.55653182628939,13.782064799999999,100.5576904
3449,180563671,ถนนช่างอากาศอุทิ,tertiary,13.91415089100959,100.58806764333252,13.912238896470392,100.59225970829793
3456,183818147,ถนนกรุงเกษม,tertiary,13.749125899999997,100.5167056,13.749879999999996,100.5167767
3464,183837423,ถนนพัฒนาการ,primary,13.737613000000001,100.60921,13.736308713063702,100.61359685621048
3465,183837423,ถนนพัฒนาการ,primary,13.736308713063702,100.61359685621048,13.736595583240621,100.61820989598445
3470,183837423,ถนนพัฒนาการ,primary,13.736199965317853,100.6366120267122,13.7356324,100.6411219
3473,183837426,ถนนศรีนครินทร์,primary,13.735820100000002,100.6411395,13.735141400000002,100.6411178
3481,183837432,ถนนกำแพงเพชร 6,tertiary,13.817630905753477,100.5464883609934,13.822009151653115,100.54756374827731
3496,185007809,ถนนสุขุมวิท,primary,13.725067738569377,100.57724038221343,13.727700156773382,100.57348284690656
3512,185073869,ถนนพัฒนาการ,primary,13.736447555049736,100.61795926985604,13.73617139731343,100.61334555130266
3513,185073869,ถนนพัฒนาการ,primary,13.73617139731343,100.61334555130266,13.737483199999998,100.609189
3516,185073880,ถนนพัฒนาการ,secondary,13.73302582884221,100.64765756399261,13.734733512906445,100.64341522037688
3520,185073887,ถนนศรีนครินทร์,primary,13.662135399999997,100.6435244,13.6638677,100.6438768
3527,185073893,ถนนศรีนครินทร์,primary,13.735524299999998,100.6409468,13.736097999999997,100.6410637
3528,185073896,ถนนศรีนครินทร์,primary,13.712302700000002,100.6438101,13.713780499999999,100.6434374
3538,185077898,ถนนพหลโยธิน,primary,13.789434999999997,100.5482163,13.785175927620363,100.54666922620973
3540,185077898,ถนนพหลโยธิน,primary,13.780916824218226,100.54512227030128,13.7763799,100.54354340000002
3550,185077913,ถนนวิภาวดีรังสิต,trunk,13.87872579605021,100.57879055459593,13.8735349,100.5757612
3553,185077919,ถนนวิภาวดีรังสิต,trunk,13.841055100000002,100.5584524,13.8362966,100.5574404
3555,185077923,ถนนวิภาวดีรังสิต,trunk,13.843235693615565,100.55942970902551,13.841055100000002,100.5584524
3567,185077944,ถนนวิภาวดีรังสิต,trunk,13.8490911,100.5626116,13.847762999999999,100.5618739
3570,185077949,ถนนวิภาวดีรังสิต,trunk,13.811474399999998,100.55980850000002,13.806973278327044,100.56015666306665
3575,185077956,ถนนวิภาวดีรังสิต,trunk,13.893797999999999,100.5866756,13.8972643,100.5886622
3576,185077957,ถนนวิภาวดีรังสิต,trunk,13.824653500000005,100.5584071,13.821457700000002,100.558689
3581,185108521,ถนนรามคำแหง,primary,13.765647784165425,100.65430353939072,13.768678400000002,100.6593575
3593,185301800,ถนนกรุงเทพฯ-นนทบ,secondary,13.820954215945358,100.53264736592942,13.816466140823984,100.532103633686
3599,185363439,ถนนศรีนครินทร์,secondary,13.661382999999997,100.6435586,13.660229700000002,100.6432624
3602,185363472,,tertiary,13.715611399999998,100.7468482,13.716030799999999,100.746624
3609,185562808,ถนนพหลโยธิน,primary,13.87148111925094,100.59419694843845,13.875071899999998,100.5961521
3612,185562809,ถนนพหลโยธิน,primary,13.82472826184568,100.56671639197944,13.8271221,100.5681437
3621,185563494,,tertiary,13.717605400000002,100.5582639,13.715835914588018,100.56251473512303
3625,186340716,พหลโยธิน ซอย 2,secondary,13.775142599999999,100.5440959,13.7748205,100.5446692
3629,186698827,ถนนประชาอุทิศ (รา,tertiary,13.768869799999996,100.59345020000002,13.7687872,100.5937755
3632,186698830,ถนนรามคำแหง,primary,13.772878,100.6659805,13.77513936548221,100.66998270683244
3641,190009753,ถนนเชื่อมสัมพันธ,tertiary,13.840034195746144,100.85490592976602,13.836003929938775,100.8528144701894
3643,190009753,ถนนเชื่อมสัมพันธ,tertiary,13.831961894106133,100.85074702006555,13.827923241196462,100.84867259714265
3654,190391336,ถนนเชื่อมสัมพันธ,tertiary,13.826027444695724,100.84755100698507,13.830066922714696,100.84962373842919
3660,190391336,ถนนเชื่อมสัมพันธ,tertiary,13.850234102629472,100.86004861563737,13.856231200000002,100.8630257
3663,190392461,ถนนฉลองกรุง,tertiary,13.796817455262167,100.83159902495566,13.792952054307301,100.82920400070341
3673,190681154,ถนนฉลองกรุง,tertiary,13.740023252456664,100.79100380273786,13.736435552070507,100.7883083528357
3682,191960063,ถนนกำแพงเพชร 6,tertiary,13.881210799999996,100.5789751,13.885161079108892,100.58122228480931
3693,193411782,,tertiary,13.791282751349655,100.43803869099575,13.788430969060265,100.44162637999315
3703,194547822,ถนนพระรามที่ 1,primary,13.7462839,100.5308279,13.746197099999998,100.5313699
3712,194758837,ถนนประชาอุทิศ,tertiary,13.927214099999999,100.5858575,13.920895699999999,100.5848797
3713,194796660,ถนนโกสุมรวมใจ,tertiary,13.9138785,100.56759160000001,13.9127951,100.5692712
3721,194876301,ถนนกำแพงเพชร 6,tertiary,13.923796299999996,100.6030196,13.919892676660238,100.60070005025997
3722,194876301,ถนนกำแพงเพชร 6,tertiary,13.919892676660238,100.60070005025997,13.9161933,100.5987147
3729,197532526,ถนนพระรามที่ 1,secondary,13.7482939,100.5190587,13.749106299999994,100.516773
3735,198801997,ถนนรัชดาภิเษก,primary,13.691749036541195,100.52605792713747,13.68855042240977,100.52282389131213
3739,198802000,ถนนรัชดาภิเษก,primary,13.6951974,100.5341939,13.694537699999998,100.5325948
3741,198802002,ถนนรัชดาภิเษก,primary,13.693535299999999,100.5283132,13.6952923,100.5329063
3743,198802004,ถนนสาธุประดิษฐ์,secondary,13.694345699999998,100.5332203,13.696225900000002,100.5324933
3747,198975428,ถนนพระรามที่ 3,primary,13.695273699999998,100.5470849,13.688931,100.54774440000001
3749,198975430,ถนนพระรามที่ 3,primary,13.6820033,100.5260613,13.678921032309336,100.52942482796999
3765,198975442,ถนนพระรามที่ 3,primary,13.6761371,100.5323731,13.673863806633996,100.53634471001126
3783,198975464,ถนนพระรามที่ 3,primary,13.690104899999996,100.505115,13.689955299999996,100.5061652
3792,198975472,ถนนพระรามที่ 3,primary,13.6818364,100.5259149,13.682803199999997,100.5246262
3799,198975480,ถนนพระรามที่ 3,primary,13.689263099999998,100.511736,13.689717900000002,100.5069319
3801,198975485,ถนนเจริญกรุง,secondary,13.6979292,100.4978583,13.696781599999998,100.4965871
3802,198975486,ถนนเจริญกรุง,secondary,13.696781599999998,100.4965871,13.6979292,100.4978583
3814,199147511,ถนนพุทธมณฑลสาย 1,secondary,13.73902,100.4277112,13.738322099999996,100.4277259
3818,199161267,ถนนพุทธมณฑล สาย 1,secondary,13.7507313,100.4274379,13.751397599999999,100.4274085
3821,199161270,ถนนพุทธมณฑล สาย 1,secondary,13.745118869755895,100.42758905981864,13.742669099999999,100.427573
3823,199161902,ถนนพุทธมณฑล สาย 1,secondary,13.7570576,100.4271942,13.755728099999999,100.4272422
3826,199161913,ถนนพุทธมณฑล สาย 1,secondary,13.758150900000002,100.42693790000001,13.76266748088057,100.42679598353685
3837,199388247,ถนนพระรามที่ 3,secondary,13.697717672118548,100.49632416717078,13.6994347,100.4944993
3839,199388250,ถนนรัชดาภิเษก,primary,13.71527,100.4783537,13.710866034018991,100.47937018071082
3841,199388254,ถนนรัชดาภิเษก,primary,13.705904499999999,100.4837452,13.705753199999998,100.4840015
3843,199388259,ถนนรัชดาภิเษก,primary,13.715492599999997,100.478304,13.71527,100.4783537
3855,199487459,ถนนจรัญสนิทวงศ์,primary,13.7433743,100.4703683,13.747876405634063,100.46996097203468
3861,199487461,ถนนจรัญสนิทวงศ์,primary,13.742944199999998,100.4703982,13.7433743,100.4703683
3866,199487466,ถนนจรัญสนิทวงศ์,primary,13.73763273602797,100.47088136284609,13.742944199999998,100.4703982
3872,199487471,ถนนจรัญสนิทวงศ์,primary,13.782195900000001,100.4905975,13.7825476,100.4911938
3873,199487472,ถนนจรัญสนิทวงศ์,primary,13.786707499999997,100.4978012,13.787104399999999,100.4983844
3874,199487476,ถนนมไหสวรรย์,secondary,13.701976400000001,100.4903813,13.702673100000002,100.4890941
3880,199487481,ถนนรัชดาภิเษก,primary,13.729297200000001,100.4743212,13.7256631,100.47606830000001
3895,199907396,ถนนราชพฤกษ์,primary,13.713478799999997,100.4685047,13.714267600000001,100.4636119
3899,199907406,ถนนราชพฤกษ์,primary,13.718660400000001,100.4843523,13.7185979,100.4842073
3902,199907425,ถนนราชพฤกษ์,primary,13.7529639,100.4458868,13.754449399999999,100.44564750000002
3916,199907452,ถนนเทอดไท,tertiary,13.717546,100.4590849,13.7180849,100.45883840000002
3920,199907656,ถนนเลียบทางรถไฟบ,tertiary,13.7783257,100.4533496,13.780242599999996,100.4509669
3921,199907657,ถนนเลียบทางรถไฟบ,tertiary,13.780242599999996,100.4509669,13.7783257,100.4533496
3942,204080985,,tertiary,13.665984928102127,100.49597548304638,13.661647809626325,100.49487970672372
3947,206576407,ถนนอิสรภาพ,secondary,13.742083127759479,100.48269603414845,13.738928599999998,100.4848037
3948,206576409,ถนนอิสรภาพ,secondary,13.746081399999998,100.4800582,13.750330976094293,100.47848635865398
3951,206846596,ถนนชิดลม,secondary,13.7480245,100.5445983,13.744027999999998,100.5438645
3952,207371325,ถนนนวมินทร์,primary,13.8190306,100.6541329,13.814861592047585,100.65234782436103
3956,207371327,ถนนนวมินทร์,primary,13.819230899999997,100.6540677,13.823388295476194,100.65587827305613
3962,207371329,ถนนนวมินทร์,primary,13.809917300000002,100.6502099,13.808329199999996,100.6494979
3973,207371335,ถนนรามอินทรา,primary,13.839847999999998,100.6602731,13.8375366,100.6637681
3975,207371372,รัชดา-รามอินทรา (ต,secondary,13.8161182,100.6426296,13.818400899999999,100.6483692
3978,207371375,รัชดา-รามอินทรา (ต,secondary,13.818400899999999,100.6483692,13.818414900000002,100.6485189
3980,207371377,รัชดา-รามอินทรา (ต,secondary,13.818592099999998,100.6505887,13.818801700000002,100.6523531
3986,207441213,ถนนนวมินทร์,primary,13.806792900000001,100.6486595,13.806941699999998,100.6487391
3996,207441218,ถนนนวมินทร์,primary,13.771827608948154,100.64717209990434,13.775755044215332,100.64505604685719
4000,207453235,ถนนงามวงศ์วาน,primary,13.8482638,100.5598913,13.8485293,100.5594036
4003,207659125,ถนนเฉลิมพระเกียร,secondary,13.6777203,100.6487579,13.677705,100.646164
4007,207659139,ถนนเทพรักษ์,secondary,13.885533404931534,100.61832004149107,13.883287961884495,100.62233109215337
4009,207659139,ถนนเทพรักษ์,secondary,13.880890077353707,100.62624991411765,13.879008739196694,100.63045093594229
4012,207659139,ถนนเทพรักษ์,secondary,13.87639405702304,100.63930537311363,13.875388,100.6435432
4014,208977366,Thanon Sarasin,tertiary,13.7342331,100.5438866,13.734132800000001,100.5459029
4022,209140952,,tertiary,13.740417000000003,100.6480267,13.7392017,100.6540826
4031,209140957,,tertiary,13.7392017,100.6540826,13.738016500000004,100.6580366
4047,210643781,,tertiary,13.752167699999998,100.5703757,13.752181900000002,100.5697823
4061,210727340,,tertiary,13.8542882,100.6749536,13.853438600000002,100.6744771
4070,210736409,ถนนบรมราชชนนี (ทา,secondary,13.780358760966356,100.43288838021152,13.780846566988902,100.42829256828564
4076,210884241,ถนนนวลจันทร์,tertiary,13.839746199999995,100.6347849,13.835878929738032,100.63717499875915
4083,210884245,ถนนพัฒนาการ,primary,13.738606199999998,100.6065312,13.738239199999995,100.6077225
4088,210884253,ถนนประดิษฐ์มนูธร,secondary,13.757725499999998,100.59613500000002,13.753686601583167,100.59420186588227
4089,210884253,ถนนประดิษฐ์มนูธร,secondary,13.753686601583167,100.59420186588227,13.749404087841562,100.59272895079437
4090,210884253,ถนนประดิษฐ์มนูธร,secondary,13.749404087841562,100.59272895079437,13.7458342,100.5915049
4096,210884267,ถนนสุขาภิบาล 5,tertiary,13.89105692144383,100.65779327314806,13.894994909595916,100.66006230544843
4100,210884267,ถนนสุขาภิบาล 5,tertiary,13.904967627017323,100.66926950352847,13.908066907606784,100.67263574990959
4102,210884267,ถนนสุขาภิบาล 5,tertiary,13.911175801350856,100.67599113802025,13.914253545229096,100.67937821801546
4126,210884363,,tertiary,13.859770075247262,100.67577158621039,13.856794000000002,100.6751034
4127,210955637,ถนนกำแพงเพชร 7,tertiary,13.740898799999998,100.6170963,13.740381114876984,100.62168900057851
4134,210955639,ถนนกำแพงเพชร 7,tertiary,13.743155199999995,100.5969225,13.742626599999996,100.601527
4141,210955646,,primary,13.760282,100.6244868,13.759757177065367,100.61989461145332
4142,210955646,,primary,13.759757177065367,100.61989461145332,13.757730534550644,100.61593824922963
4147,210955648,,primary,13.760317824801882,100.62423529544634,13.760841344330014,100.62882767448954
4151,210955670,,primary,13.7522339,100.6103151,13.7527794,100.6109032
4157,210955681,,primary,13.762189999999999,100.6410059,13.762725198367454,100.64559687219364
4160,211040169,,tertiary,13.707446032885954,100.58247128166086,13.704426,100.58311530000002
4172,221135016,ถนนหทัยราษฎร์,tertiary,13.921666238572179,100.69212094598383,13.921776299999996,100.6970634
4173,221135022,ถนนสายไหม,tertiary,13.922597299999996,100.6341871,13.922388699999997,100.634688
4189,221135109,รัชดา-รามอินทรา (ต,secondary,13.8196953,100.6701746,13.819346899999996,100.6722439
4191,221135111,รัชดา-รามอินทรา (ต,secondary,13.819865999999996,100.6588716,13.820426399999997,100.6645351
4195,221135116,,tertiary,13.845347500000003,100.6728688,13.845788200000001,100.6729037
4197,221135117,,tertiary,13.883309122527265,100.68637962720459,13.879276424661397,100.68429181880272
4206,221135125,,tertiary,13.8761853,100.6826941,13.872150656154645,100.68061027510554
4215,221135133,,tertiary,13.8882657,100.6881347,13.89241651691841,100.68994599807627
4233,221177314,ถนนเสรีไทย,primary,13.797561299999998,100.69625920000001,13.797969599999998,100.6972725
4236,221177316,ถนนเสรีไทย,primary,13.80237319527406,100.70750081572994,13.804756008483215,100.71140346174211
4245,221177322,ถนนสุวินทวงศ์,primary,13.812792300000002,100.7176525,13.815803040006662,100.72109444305039
4249,221177323,ถนนสุวินทวงศ์,primary,13.819946606242318,100.7423339953941,13.816386594380315,100.74504078215787
4254,221177324,ถนนสุวินทวงศ์,primary,13.81625233970595,100.74513296906461,13.819812081590378,100.74243470236613
4255,221177324,ถนนสุวินทวงศ์,primary,13.819812081590378,100.74243470236613,13.819513099999996,100.7377405
4280,221613626,,tertiary,13.75580733531205,100.7431100736759,13.755495361629745,100.73849795048358
4283,221613626,,tertiary,13.754912182396426,100.72927107636986,13.754611152057185,100.72465817717324
4284,221613626,,tertiary,13.754611152057185,100.72465817717324,13.754226099999997,100.7209037
4291,221613646,,tertiary,13.753439099999998,100.7061319,13.753315499999998,100.7046775
4293,221613664,,tertiary,13.754264399999997,100.7004705,13.7536356,100.7040711
4294,221613669,คู่ขนานมอเตอร์เว,tertiary,13.732425099999999,100.7082254,13.7323896,100.7084781
4295,221613670,ทางเข้าคู่ขนานมอ,tertiary,13.734477900000002,100.7050126,13.732425099999999,100.7082254
4301,221613675,,tertiary,13.731590599999999,100.7046912,13.730385600000002,100.7032919
4303,221613677,,tertiary,13.754264399999997,100.7004705,13.7521137,100.7016387
4307,221613681,,tertiary,13.788332699999996,100.6832744,13.7902006,100.6794486
4325,222370328,กัลปพฤกษ์,secondary,13.688606,100.4300494,13.6880653,100.4290404
4326,223578187,ถนนสุขุมวิท,primary,13.711712099999996,100.5960391,13.711881,100.5958183
4332,223847130,ถนนพหลโยธิน,primary,13.797525399999998,100.5508211,13.797769999999996,100.5509115
4339,223847155,ถนนโยธี,tertiary,13.762159599999999,100.5358578,13.762124400000001,100.5359333
4341,224361394,ถนนบรมราชชนนี (ทา,secondary,13.783645439827605,100.40494453811425,13.7835023,100.4075316
4343,224361397,ถนนบรมราชชนนี,trunk,13.7840829,100.3996577,13.78360230561933,100.40425590025372
4344,224361397,ถนนบรมราชชนนี,trunk,13.78360230561933,100.40425590025372,13.78315537763948,100.40885753376894
4356,224361402,ถนนบรมราชชนนี,trunk,13.786956529884824,100.37024541618032,13.787406095243032,100.36564383988907
4364,224398995,,secondary,13.7212288,100.6954409,13.721097699999998,100.6946894
4366,224398998,,secondary,13.7212288,100.6954409,13.721237999999998,100.6956176
4368,224399003,,secondary,13.721462199999998,100.7004933,13.721501199999997,100.6999246
4369,224399006,,secondary,13.721501199999997,100.6999246,13.7216241,100.7004699
4371,224399030,,tertiary,13.7194934,100.6998455,13.7213497,100.69901310000002
4376,224699880,,secondary,13.677765499839882,100.5396299019716,13.6732099,100.53912940000001
4377,224699885,,secondary,13.681679199999998,100.540628,13.6815769,100.5408454
4390,228098893,ถนนพระรามที่ 2,secondary,13.684174099999996,100.4870993,13.682880979407555,100.48267494734412
4404,228368280,,tertiary,13.574767699999997,100.4398285,13.571023016475923,100.44098636306023
4410,230328200,ถนนงามวงศ์วาน,primary,13.8555663,100.5473432,13.854618799999999,100.5489279
4411,230331266,ถนนพหลโยธิน,primary,13.8114356,100.5587937,13.813610599999997,100.5600715
4412,230331267,ถนนประดิพัทธ์,secondary,13.793408599999998,100.530167,13.793232800000002,100.531058
4415,230331269,ถนนเตชะวณิช,secondary,13.793450699999998,100.5299539,13.7936703,100.5300729
4421,230331272,ถนนวิภาวดีรังสิต,trunk,13.839770827414068,100.55770419314445,13.843934501857904,100.55947192781254
4429,230331272,ถนนวิภาวดีรังสิต,trunk,13.871931036028293,100.57454782775787,13.875893959876672,100.57677159294968
4449,236051658,ถนนอโศก-ดินแดง,primary,13.756393976896252,100.55978698218934,13.760399699999999,100.5548357
4450,236051659,ถนนจันทน์,secondary,13.7072593,100.5378169,13.705415341898654,100.53365355906303
4470,237444822,,tertiary,13.716337699999999,100.7411671,13.7161601,100.74092860000002
4477,237444873,คู่ขนานมอเตอร์เว,tertiary,13.728998205270537,100.73424582902949,13.729400402090146,100.72964446097461
4489,237444894,คู่ขนานมอเตอร์เว,tertiary,13.732296295067645,100.77126648592996,13.732372171813992,100.77588829827945
4490,237444894,คู่ขนานมอเตอร์เว,tertiary,13.732372171813992,100.77588829827945,13.732440953818418,100.78051037170418
4494,237444894,คู่ขนานมอเตอร์เว,tertiary,13.733693608144707,100.79430550446011,13.734195311984868,100.79889952275305
4497,237444894,คู่ขนานมอเตอร์เว,tertiary,13.73305719493766,100.8078130889176,13.729729299009858,100.81087308702435
4505,237444903,คู่ขนานมอเตอร์เว,tertiary,13.730151100000002,100.7543732,13.731698822543503,100.75818583840382
4509,237444914,คู่ขนานมอเตอร์เว,tertiary,13.730752399999993,100.7465765,13.730268399999998,100.7468892
4514,237444921,คู่ขนานมอเตอร์เว,tertiary,13.729540958372473,100.7332898652611,13.729691100000002,100.7388565
4515,237444923,คู่ขนานมอเตอร์เว,tertiary,13.730059899999999,100.72381680000001,13.730560176949368,100.71922251292801
4523,237444938,,tertiary,13.7354868,100.6747934,13.735527599999998,100.6745161
4525,237444942,,tertiary,13.7331543,100.6954673,13.733209599999999,100.6950065
4538,237836671,ถนนทวีวัฒนา,tertiary,13.776824399999999,100.34061260000001,13.777333100000002,100.3403695
4540,237836673,ถนนทวีวัฒนา,tertiary,13.778094299999998,100.34000580000001,13.782194163803778,100.33805987273246
4545,241729939,ถนนเพชรบุรี,primary,13.749785200000002,100.5497865,13.749777699999997,100.5496656
4549,242165655,ถนนเยาวราช,secondary,13.7419219,100.5073164,13.742360600000001,100.5069721
4551,242165657,ถนนเยาวราช,secondary,13.742360600000001,100.5069721,13.7436042,100.5056707
4556,246208544,ถนนกาญจนาภิเษก (ด,secondary,13.711407999999997,100.4047646,13.7159772,100.405598
4558,246208581,,tertiary,13.635075899999995,100.4144596,13.638945629056384,100.4120944808231
4568,246325064,ถนนนิมิตใหม่,tertiary,13.891874020299397,100.73182797113054,13.887355096426102,100.73186565194959
4569,246325064,ถนนนิมิตใหม่,tertiary,13.887355096426102,100.73186565194959,13.880775099999997,100.7318625
4573,248431187,ถนนไมตรีจิต,tertiary,13.911519448236474,100.77590644935403,13.91169972158833,100.77129123166107
4575,248431187,ถนนไมตรีจิต,tertiary,13.912311760968386,100.76671288732807,13.911409695230756,100.76218883427723
4584,248431190,ถนนไมตรีจิต,tertiary,13.911949248604197,100.7640839323697,13.91212364387367,100.76861875098818
4590,248621561,ถนนราษฎร์นิมิตร,tertiary,13.911375332223011,100.72623553370586,13.912165305108402,100.73078719804354
4592,248621561,ถนนราษฎร์นิมิตร,tertiary,13.91303560426297,100.73532687059897,13.909687589859978,100.7363071658576
4597,248786541,ถนนเลียบคลองสอง,tertiary,13.860529789950382,100.70857991181641,13.860093086786721,100.70397630169008
4600,248786541,ถนนเลียบคลองสอง,tertiary,13.859127294574657,100.69477990424194,13.858414588981661,100.6902125209228
4607,248786545,ถนนปัญญาอินทรา,tertiary,13.855882051862897,100.70722607014136,13.852936772175866,100.70527668474715
4612,248786546,ถนนพระยาสุเรนทร์,tertiary,13.854356200059872,100.6932542587414,13.850042533581956,100.69438811536277
4622,249203995,,tertiary,13.860319499999996,100.7051783,13.860205899999999,100.7051875
4625,249673921,ถนนหทัยราษฎร์,tertiary,13.837520324313674,100.72025328550735,13.833006522159797,100.72017139603886
4632,249673924,ถนนหทัยราษฎร์,tertiary,13.866340320522,100.72251210170361,13.870837700000003,100.7224242
4643,249681381,ถนนร่มเกล้า,secondary,13.814845199999999,100.7355374,13.814121900000002,100.7358316
4668,253209058,,secondary,13.7376568,100.516053,13.737288000000001,100.5159383
4671,253221909,ถนนศรีนครินทร์,secondary,13.662052100000004,100.6436687,13.661382999999997,100.6435586
4673,253221911,ถนนศรีนครินทร์,primary,13.676439499999999,100.6460007,13.672668900000001,100.6457323
4681,254859383,ถนนประดิษฐ์มนูธร,secondary,13.835619617988078,100.63180538919954,13.839630948632761,100.63393284399976
4688,254859386,ถนนประดิษฐ์มนูธร,secondary,13.816206486216172,100.62355781257068,13.812371345359361,100.62111409352343
4691,254859386,ถนนประดิษฐ์มนูธร,secondary,13.804269973546283,100.61703516507156,13.800145473157194,100.61514511091734
4692,254859386,ถนนประดิษฐ์มนูธร,secondary,13.800145473157194,100.61514511091734,13.795985249606137,100.61334352262303
4695,256162461,ถนนเลียบทางรถไฟบ,tertiary,13.776082599999999,100.4561968,13.775444099999994,100.4569837
4701,257303663,ถนนดำรงรักษ์,tertiary,13.755019300000003,100.50946650000002,13.754064928215556,100.51397448832937
4709,258205355,,tertiary,13.6269243,100.4390876,13.6269053,100.4403778
4714,261504151,ถนนพระรามที่ 4,primary,13.7363053,100.5198699,13.7376951,100.5164554
4737,286483380,ถนนเทพรักษ์,secondary,13.888902099216164,100.60945744974421,13.8904968,100.6054161
4749,295789554,ถนนเจริญราษฎร์,secondary,13.713762999999997,100.5200758,13.7078393,100.5188548
4755,297368619,ถนนพุทธมณฑล สาย 3,secondary,13.798051986660198,100.36381393985519,13.793533604916632,100.36382069766003
4756,297368619,ถนนพุทธมณฑล สาย 3,secondary,13.793533604916632,100.36382069766003,13.790044899999998,100.3637676
4757,298817991,ถนนราชปรารภ,secondary,13.750048299999998,100.5410661,13.750288700000002,100.5410935
4768,300803445,วงเวียนอนุสาวรีย,primary,13.876178099999999,100.5964881,13.8763809,100.5967276
4769,300803446,วงเวียนอนุสาวรีย,primary,13.874787999999999,100.5968237,13.87476,100.59664210000001
4771,300803448,วงเวียนอนุสาวรีย,primary,13.875147599999996,100.59730680000001,13.874787999999999,100.5968237
4777,300803456,ถนนนวมินทร์,primary,13.8382733,100.6622645,13.838662499999996,100.6625529
4795,300803483,ถนนพระรามที่ 4,primary,13.7327414,100.5286588,13.734496530457504,100.52439904891804
4800,300803487,ถนนพระรามที่ 4,primary,13.732162899999999,100.5300935,13.732684099999997,100.5287859
4801,300803488,ถนนพระรามที่ 4,primary,13.7323528,100.530198,13.730898799999999,100.5337201
4804,300803491,ถนนพระรามที่ 4,primary,13.7281708,100.5396584,13.729460600000001,100.5365682
4807,300803494,ถนนรามคำแหง,primary,13.759679400000003,100.6194025,13.757326126420363,100.61560042804847
4813,300803495,ถนนรามคำแหง,primary,13.761039818249142,100.63012560368009,13.761704300000002,100.6365621
4817,300803503,ถนนศรีนครินทร์,primary,13.762781799999999,100.6455401,13.763512900000002,100.645559
4820,300803504,ถนนศรีนครินทร์,primary,13.753607398377131,100.64576728028788,13.749255140657919,100.64452305597291
4821,300803504,ถนนศรีนครินทร์,primary,13.749255140657919,100.64452305597291,13.744873603808974,100.64340297260395
4824,300803505,สะพานไทย - ญี่ปุ่น,primary,13.7311285,100.5330944,13.728452099999995,100.5393858
4844,300825121,ถนนพหลโยธิน,primary,13.8118543,100.5597099,13.811058900000003,100.558792
4852,300825130,ถนนวิภาวดีรังสิต,trunk,13.8480938,100.5615796,13.852103899871713,100.56370007768443
4858,300825133,ถนนวิภาวดีรังสิต,trunk,13.862438924201312,100.56931162393313,13.866433653782225,100.57147435217735
4868,300835621,ถนนพญาไท,primary,13.746768899999996,100.5309028,13.7462839,100.5308279
4870,300835623,ถนนพระรามที่ 1,primary,13.746197099999998,100.5313699,13.7458692,100.5328025
4875,300835627,ถนนวิภาวดีรังสิต,trunk,13.8273303,100.557606,13.8310767,100.5573633
4884,301233044,ถนนนิมิตใหม่,tertiary,13.824213656208276,100.74061107902651,13.8198053,100.7421204
4893,301233056,ถนนนิมิตใหม่,tertiary,13.908684127555624,100.74085900462752,13.910450123808477,100.74511732097477
4906,302007740,ถนนกาญจนาภิเษก (ด,secondary,13.744477961739708,100.4061390280175,13.739958403196422,100.40614512190483
4915,302110887,ถนนจักรพรรดิพงษ์,primary,13.7593675,100.5088128,13.758167799999999,100.5095867
4917,302781859,,tertiary,13.759039200000002,100.6138307,13.759026899999999,100.613846
4920,305407026,,tertiary,13.757319200000001,100.5160269,13.757125399999998,100.5158295
4923,305662053,ถนนบางขุนเทียน,secondary,13.664157816755859,100.42900085151547,13.659089199999999,100.4298249
4927,308897731,ถนนศรีอยุธยา,primary,13.7573618,100.5369724,13.756932799999998,100.5387653
4928,308897732,ถนนศรีอยุธยา,primary,13.759946399999999,100.5300161,13.759337999999996,100.5313744
4931,308897735,ถนนศรีอยุธยา,primary,13.756932799999998,100.5387653,13.756559800000003,100.5405061
4937,309100306,ถนนพญาไท,primary,13.7535181,100.5319886,13.753272,100.5318798
4939,309100308,ถนนพญาไท,primary,13.753527,100.5318436,13.757619800000002,100.5341092
4943,309100313,ถนนศรีอยุธยา,primary,13.757802099999997,100.5343975,13.757864,100.5342458
4948,310348927,ถนนนราธิวาสราชนค,primary,13.726401799999998,100.5281654,13.726304299999997,100.5282129
4958,314428560,ถนนราชวิถี,primary,13.764154,100.5399268,13.764506499999998,100.5386558
4960,314428562,วงเวียนอนุสาวรีย,primary,13.765058499999999,100.5388439,13.764506499999998,100.5386558
4970,318472161,มีนพัฒนา,secondary,13.805247099999999,100.7123465,13.803046000000002,100.7135835
4973,318560652,ถนนเชื้อเพลิง,tertiary,13.712875274802876,100.5538443816776,13.718700199999995,100.5532019
4974,320273823,ถนนบรมราชชนนี (ทา,secondary,13.784271800000003,100.45761110000001,13.783710800000001,100.4555873
4975,320273824,ถนนบรมราชชนนี (ทา,secondary,13.783209900000001,100.453915,13.7822646,100.450939
4982,320273848,,primary,13.774449600000002,100.4807764,13.7754126,100.4797971
5003,321845929,ถนนเกษมราษฎร์,tertiary,13.716703499999998,100.566099,13.716947499999996,100.5662355
5004,321845931,ถนนเกษมราษฎร์,tertiary,13.716909900000001,100.5663395,13.716662600000001,100.5662054
5012,322197502,ถนนจันทน์,secondary,13.7078393,100.5188548,13.70904487517421,100.51440823649085
5017,329862218,ถนนรามคำแหง,primary,13.747142799999999,100.6051394,13.7473538,100.605337
5021,330458904,,tertiary,13.8079201,100.9267423,13.808061799999999,100.927665
5037,336745574,ถนนพุทธมณฑล สาย 1,secondary,13.755728099999999,100.4272422,13.751396899999996,100.4275397
5043,336745585,ถนนพรานนก-พุทธมณ,primary,13.753803499999998,100.4265842,13.753742300000003,100.4270641
5049,336745602,ถนนพรานนก-พุทธมณ,primary,13.754253700000001,100.4145148,13.754245500000001,100.4138647
5052,336745605,ถนนพรานนก-พุทธมณ,primary,13.752626199999998,100.4330889,13.7527758,100.4320221
5061,336745614,ถนนพรานนก-พุทธมณ,primary,13.7527758,100.4320221,13.7533818,100.4276999
5068,336745621,ถนนพรานนก-พุทธมณ,primary,13.754521799999994,100.408024,13.754515899999996,100.4138847
5074,337242158,ถนนลาดปลาเค้า,tertiary,13.8481731,100.6043452,13.848399499999998,100.6042439
5075,337267107,,tertiary,13.8804482,100.6052716,13.881685699999998,100.60049030000002
5081,337654455,,secondary,13.740315799999998,100.4979114,13.740507500000003,100.4978541
5093,340097667,,tertiary,13.752468299999999,100.7772991,13.752495399999999,100.77708190000001
5098,340097691,,tertiary,13.752113563572154,100.78198619777946,13.751576981102382,100.78657646844238
5100,340097691,,tertiary,13.751041470052574,100.79116684855366,13.750673399999997,100.7943215
5116,347899940,ถนนเสรีไทย,primary,13.774352499999997,100.6570967,13.774508299999999,100.6573525
5121,351091864,Taksin 24,tertiary,13.708035899999999,100.48670020000002,13.707599199999997,100.48288660000001
5131,352097845,ถนนบ้านหม้อ,tertiary,13.7420894,100.496988,13.745310299999998,100.4974013
5132,352097849,ถนนจักรเพชร,tertiary,13.7420894,100.496988,13.742687899999996,100.4950828
5139,356814102,,tertiary,13.674897899999998,100.51739390000002,13.674367,100.5176916
5141,356814103,,tertiary,13.677603561720574,100.51373539779938,13.679860154922757,100.50973122198818
5150,356814124,สุขสวัสดิ์,primary,13.6626797257575,100.5174872429243,13.6588635,100.5189609
5157,359405813,,tertiary,13.785305300000001,100.4519582,13.785258400000002,100.4517438
5160,359405821,,tertiary,13.786868232149848,100.45634930738231,13.787914987160438,100.46084795630877
5164,359405837,,tertiary,13.787495100000001,100.4611857,13.78638520781359,100.45670935591423
5166,363142101,ถนนฉลองกรุง,tertiary,13.780169199999996,100.82128,13.777134244982285,100.81785525679749
5170,363142102,ถนนฉลองกรุง,tertiary,13.7809954,100.821841,13.780169199999996,100.82128
5178,364700037,ถนนเจริญนคร,secondary,13.702952200000002,100.4884891,13.698723288046462,100.48686463046126
5190,364700046,ถนนพระรามที่ 4,primary,13.7381284,100.5164616,13.736600099999999,100.5195368
5198,364700055,,tertiary,13.7667475,100.50680420000002,13.766335999999999,100.5066087
5200,364700058,,secondary,13.730039799999998,100.5086552,13.729964300000002,100.5086815
5212,368611496,ถนนประชาราษฎร์บำ,tertiary,13.780424000000002,100.5672165,13.780291700000005,100.5672198
5215,368611506,ถนนประชาสุข,tertiary,13.780291700000005,100.5672198,13.779198899999999,100.5669445
5216,368893144,ถนนประชาอุทิศ,tertiary,13.7720783,100.580039,13.772051199999998,100.5801598
5224,369388491,ถนนสุทธิสารวินิจ,tertiary,13.789553900000001,100.5803582,13.789709999999996,100.5742917
5231,375662845,ถนนพรานนก,secondary,13.755121565312674,100.47336664393814,13.754764699999999,100.4695014
5233,377358376,โชคชัย 4,tertiary,13.8035655,100.596636,13.808050277244318,100.59649783455471
5234,377358376,โชคชัย 4,tertiary,13.808050277244318,100.59649783455471,13.812536609685324,100.59623017963042
5242,377691429,ถนนสุขุมวิท 71,tertiary,13.7132301,100.5941636,13.713111299999998,100.5940822
5247,380131560,,secondary,13.772924599999998,100.6549647,13.7725027,100.6548753
5249,380617698,ถนนพญาไท,primary,13.745253599999998,100.5305377,13.7456587,100.530598
5252,380662716,ถนนนิมิตใหม่,tertiary,13.854797701262541,100.73192122401842,13.859316072303033,100.73183858567353
5253,380662716,ถนนนิมิตใหม่,tertiary,13.859316072303033,100.73183858567353,13.863835033647813,100.73180862787098
5260,380662717,ถนนนิมิตใหม่,tertiary,13.865835144783134,100.73190760861102,13.861316076033738,100.73192180908305
5273,380834167,ถนนหทัยราษฎร์,tertiary,13.8469386,100.7210218,13.8465294,100.7209957
5280,380852517,ถนนพระยาสุเรนทร์,tertiary,13.843297100000001,100.6963549,13.8404195,100.6965137
5282,380929022,พหลโยธิน ซอย 2,secondary,13.7756119,100.5432606,13.775142599999999,100.5440959
5285,381387762,ถนนสุขาภิบาล 5,tertiary,13.863203280131598,100.6295350448268,13.862935702221057,100.63415231950373
5289,382275864,ถนนรามอินทรา,primary,13.812603600000001,100.7174677,13.812627000000004,100.714331
5290,382275886,,primary,13.812627000000004,100.714331,13.812626699999997,100.7142485
5295,384498040,ถนนรัชดาภิเษก,primary,13.733617699999995,100.5599635,13.734173,100.5603174
5305,385151110,ถนนประเสริฐมนูกิ,primary,13.808133742582696,100.65835163896647,13.80986798797151,100.66261540384802
5314,385152840,ถนนประเสริฐมนูกิ,primary,13.83125949615216,100.61547088170313,13.830460226210652,100.62002146328564
5328,387072274,,tertiary,13.538788501496986,100.44075610340877,13.541441199999998,100.4457775
5330,390787778,ถนนประเสริฐมนูกิ,primary,13.832791199999999,100.6112116,13.835021791812746,100.60718929264546
5334,390787778,ถนนประเสริฐมนูกิ,primary,13.841545401579774,100.59505179207034,13.841701600000002,100.5917638
5337,396462925,ถนนกาญจนาภิเษก (ด,secondary,13.749908700000002,100.4056082,13.754427407355676,100.40559476815697
5338,396462925,ถนนกาญจนาภิเษก (ด,secondary,13.754427407355676,100.40559476815697,13.758331799999997,100.4059988
5340,396462926,ถนนกาญจนาภิเษก (ด,secondary,13.753836146053754,100.40612194675967,13.7497914,100.4061275
5344,396462954,ถนนพรานนก-พุทธมณ,primary,13.753796899999998,100.4587979,13.754628199999997,100.4621124
5357,398751537,ถนนบรมราชชนนี,trunk,13.781919611403184,100.4206285498926,13.7814563837156,100.42522851231081
5361,398751537,ถนนบรมราชชนนี,trunk,13.780065951185827,100.43902807379456,13.780362672008373,100.44360732302074
5362,398751537,ถนนบรมราชชนนี,trunk,13.780362672008373,100.44360732302074,13.781420700000002,100.4472998
5365,398751539,ถนนบรมราชชนนี (ทา,secondary,13.781344190887454,100.42769751526178,13.780865498565156,100.43229559610243
5371,398753678,ถนนบรมราชชนนี,primary,13.7754126,100.4797971,13.775926200000002,100.4793613
5379,410056041,ถนนบางขุนเทียน,secondary,13.5903658,100.4298888,13.59467506996735,100.43126669713297
5382,410709938,,secondary,13.7638716,100.5998018,13.7597524,100.596688
5385,410709940,,secondary,13.771312054128027,100.6051507533553,13.775544536199098,100.60662629802589
5386,410709940,,secondary,13.775544536199098,100.60662629802589,13.7800116,100.6072954
5397,419857370,ถนนนครไชยศรี,tertiary,13.780904439288516,100.51983995764579,13.779672900000001,100.52207
5398,423701228,วัดศรีวรีน้อย,tertiary,13.716368599999997,100.7853097,13.716796099999998,100.78531390000002
5399,427177975,ถนนลาดพร้าววังหิ,tertiary,13.8216709,100.5915115,13.8215824,100.5915056
5403,436870536,,tertiary,13.732887199999999,100.7893995,13.7334212,100.7933825
5431,441761361,ถนนราชพฤกษ์,primary,13.714569399999998,100.4642576,13.715598999999997,100.4601856
5433,443159421,ถนนเฉลิมพระเกียร,secondary,13.699564299999999,100.6770933,13.7000418,100.675386
5457,443159464,ถนนเฉลิมพระเกียร,secondary,13.6989211,100.6750329,13.700190399999997,100.6754263
5459,445301468,,primary,13.7034037,100.4851298,13.707395199999999,100.4865125
5463,445301473,,primary,13.703387899999997,100.485178,13.701709099999999,100.4846409
5469,448996724,ถนนจักรวรรดิ,primary,13.7418635,100.5028274,13.740837699999998,100.5007178
5474,450149635,ถนนสุขุมวิท,primary,13.6757967,100.6077165,13.680007055716992,100.6093932703426
5493,451990701,ถนนหลานหลวง,primary,13.756691499999999,100.5165453,13.757239300000002,100.5205402
5497,452046129,ถนนสุขุมวิท,primary,13.736472199999996,100.5613006,13.733786474300873,100.56501837477207
5500,452179357,ถนนสุขุมวิท,primary,13.7294275,100.571075,13.732076286374998,100.56732961307219
5502,452182940,ถนนสุขุมวิท,primary,13.723668999999997,100.5794645,13.7201032,100.5845013
5506,453635648,Asok Montri Rd,primary,13.736813499999998,100.5612708,13.738714299999994,100.5616122
5520,453662702,Asok montri Rd,primary,13.7449617,100.5625048,13.744621499999997,100.5624284
5532,453672142,ถนนกำแพงเพชร 7,tertiary,13.75108453148223,100.55908672776347,13.751763899999997,100.5548337
5533,453672143,ถนนอโศก-ดินแดง,primary,13.750078599999998,100.5635942,13.754164599999996,100.564493
5538,453683947,ถนนเพชรบุรี,primary,13.749616300000001,100.5576351,13.749689500000002,100.5569419
5541,453685554,ถนนเพชรบุรี,primary,13.749689500000002,100.5569419,13.749746600000002,100.5564018
5542,453685887,ถนนเพลินจิต,primary,13.743805299999998,100.5451432,13.7433919,100.5475264
5543,453686498,ถนนเพชรบุรี,primary,13.749817599999998,100.555729,13.7498871,100.5550709
5551,453703733,Nikhom Makkasan Rd,tertiary,13.7549028,100.5421433,13.753680568045846,100.54658269887165
5555,453706741,Nikhom Makkasan Rd,tertiary,13.751763899999997,100.5548337,13.7499538,100.55443970000002
5565,453713975,ซอยสุขุมวิท 55,tertiary,13.726293599999995,100.5799998,13.726667400000002,100.5802246
5569,453713980,ซอยสุขุมวิท 55,tertiary,13.728092399999998,100.5807912,13.7285089,100.5808381
5571,453713983,ซอยสุขุมวิท 55,tertiary,13.727450799999996,100.5807013,13.728092399999998,100.5807912
5589,453720873,ซอยสุขุมวิท 55,tertiary,13.737294499999999,100.5837539,13.7375823,100.5838517
5605,453881590,,secondary,13.750119199999999,100.5408632,13.750288700000002,100.5410935
5606,453884721,ถนนราชดำริ,secondary,13.749635899999996,100.5410583,13.749878199999998,100.5410762
5615,454151813,ถนนสุขุมวิท,primary,13.7359761,100.5617427,13.736257899999995,100.561345
5621,454186203,ซอยสุขุมวิท 63,tertiary,13.7379393,100.5887358,13.738521699999998,100.5889237
5629,455033679,ถนนอรุณอมรินทร์,secondary,13.7421686,100.4875185,13.741962599999997,100.4876464
5638,456381807,คู่ขนานมอเตอร์เว,tertiary,13.730795200000001,100.7458323,13.730802399999996,100.7464427
5656,456381825,,tertiary,13.718785800000003,100.7464835,13.7205487,100.7464901
5665,456753741,ถนนอิสรภาพ,secondary,13.738928599999998,100.4848037,13.73618,100.4874841
5673,457160970,ถนนพระราม 9,primary,13.747536199999999,100.6055174,13.747463500000002,100.60569150000002
5701,457212521,ถนนเพชรพระราม,tertiary,13.749674700000002,100.5992126,13.749463700000002,100.5991412
5702,457212522,ถนนพระราม 9,primary,13.750172200000002,100.5977076,13.749674700000002,100.5992126
5734,459784945,ถนนสุขุมวิท,primary,13.726839077267195,100.5748622548558,13.723668999999997,100.5794645
5744,461810049,ถนนสีลม,primary,13.723159993767474,100.51954468960223,13.7220633,100.5166025
5761,462260864,,primary,13.722034199999998,100.53038990000002,13.7217191,100.5301293
5762,462260865,ถนนนราธิวาสราชนค,primary,13.722034199999998,100.53038990000002,13.717979859764425,100.5324320727896
5765,462260865,ถนนนราธิวาสราชนค,primary,13.709860276976862,100.53649460003832,13.705833790223362,100.53859326953703
5766,462260865,ถนนนราธิวาสราชนค,primary,13.705833790223362,100.53859326953703,13.701898602212687,100.54085638735708
5767,462260865,ถนนนราธิวาสราชนค,primary,13.701898602212687,100.54085638735708,13.698268489878531,100.54359812375755
5775,462463536,ถนนประชาราษฎร์บำ,secondary,13.778395000000002,100.5734543,13.7783663,100.5733316
5776,462463537,ถนนประชาราษฎร์บำ,secondary,13.7783157,100.5731148,13.778242700000002,100.5728007
5780,462463542,,primary,13.7787993,100.5737599,13.7784969,100.5739146
5782,462492009,ถนนประชาราษฎร์บำ,secondary,13.7781412,100.5722546,13.778118499999998,100.5721322
5792,463576282,ถนนอโศก-ดินแดง,primary,13.757615800000002,100.5574627,13.7575547,100.5575077
5810,463799724,ถนนสันติภาพ,tertiary,13.7423929,100.5118482,13.7423312,100.51231080000001
5822,463801047,ถนนพลับพลาไชย,secondary,13.744657999999996,100.5107505,13.7454084,100.5111968
5826,463826060,ถนนวรจักร,primary,13.7482806,100.5071055,13.745637799999997,100.50565770000001
5828,463826062,ถนนวรจักร,primary,13.749207700000001,100.5074971,13.7488484,100.5073378
5831,463826065,ถนนบริพัตร,tertiary,13.7505771,100.5050661,13.755283599999999,100.506227
5836,463827795,,primary,13.729504,100.5364471,13.729633300000001,100.5367076
5837,463827796,ถนนพระรามที่ 4,primary,13.729679399999997,100.5365793,13.729633300000001,100.5367076
5843,463831502,ถนนจักรพรรดิพงษ์,primary,13.7525827,100.5090279,13.7535965,100.5092623
5845,463831504,ถนนจักรพรรดิพงษ์,primary,13.753807699999998,100.509295,13.754619699999996,100.5094179
5849,463832132,ถนนพระรามที่ 4,primary,13.732684099999997,100.5287859,13.7327414,100.5286588
5850,463832133,ถนนพระรามที่ 4,primary,13.7329161,100.5288256,13.732721000000002,100.5293693
5857,463835552,ถนนกรุงเกษม,tertiary,13.751551400000002,100.5170247,13.7520762,100.5170609
5863,464032551,ถนนพญาไท,primary,13.746148100000001,100.5308069,13.745864699999998,100.5307631
5865,464032553,,primary,13.7463602,100.530376,13.7467654,100.5307531
5866,464032554,ถนนพระรามที่ 1,primary,13.7463602,100.530376,13.746307699999997,100.5306789
5875,464690447,,primary,13.7716577,100.5418281,13.771707599999996,100.541681
5877,464693768,ถนนพหลโยธิน,primary,13.774344700000002,100.542671,13.778612722787091,100.54419192565896
5878,464693768,ถนนพหลโยธิน,primary,13.778612722787091,100.54419192565896,13.782878057500564,100.54572071096045
5885,464847365,ถนนพหลโยธิน,primary,13.789720299999999,100.5483166,13.789434999999997,100.5482163
5889,464847369,,secondary,13.7897719,100.5483899,13.7897756,100.5483357
5890,464847370,,primary,13.789787299999999,100.5482255,13.7897756,100.5483357
5897,464902357,พหลโยธิน ซอย 2,secondary,13.772275486633598,100.54834687451198,13.771482799999998,100.5513929
5902,465100588,ถนนประดิพัทธ์,secondary,13.789962500000001,100.5473715,13.789872099999998,100.5478062
5912,465100599,ถนนประดิพัทธ์,secondary,13.791423500000002,100.5402699,13.791355399999997,100.5406069
5917,465115825,ถนนสุทธิสารวินิจ,secondary,13.789124799999998,100.5502911,13.789103799999996,100.55055
5934,465124379,ถนนสุทธิสารวินิจ,secondary,13.789107000000001,100.5570255,13.789115299999999,100.5573362
5937,465124382,ถนนสุทธิสารวินิจ,secondary,13.789146100000002,100.5581879,13.789170999999998,100.5586294
5941,465124386,ถนนสุทธิสารวินิจ,secondary,13.7892217,100.5597774,13.7892546,100.5603237
5943,465124388,ถนนสุทธิสารวินิจ,secondary,13.7892745,100.5606547,13.7893398,100.5617774
5947,465334870,,tertiary,13.7595317,100.5546729,13.758961499999998,100.55443810000001
5961,465371326,ถนนสุทธิสารวินิจ,secondary,13.789472499999997,100.565396,13.789477499999997,100.5655095
5962,465371327,ถนนสุทธิสารวินิจ,secondary,13.789477499999997,100.5655095,13.7894886,100.5658588
5967,465371332,ถนนสุทธิสารวินิจ,secondary,13.7896076,100.5680772,13.789611599999999,100.5681951
5970,465371335,ถนนสุทธิสารวินิจ,secondary,13.789672599999998,100.5694198,13.7897021,100.570454
5974,465371339,ถนนสุทธิสารวินิจ,secondary,13.789786999999999,100.5717902,13.789835199999999,100.5722544
5975,465371340,ถนนสุทธิสารวินิจ,secondary,13.789835199999999,100.5722544,13.78985,100.5723973
5977,465372192,ถนนประชาสงเคราะห,secondary,13.762282899999999,100.5555773,13.760563999999997,100.5548724
5983,466612513,ซอยสุขุมวิท 63,tertiary,13.7369673,100.5884267,13.7376947,100.5886577
5986,466612516,ซอยสุขุมวิท 63,tertiary,13.735942299999998,100.588109,13.736296499999998,100.588221
5987,466612517,ซอยสุขุมวิท 63,tertiary,13.735243000000002,100.5878754,13.735832900000002,100.5880721
5995,466613391,ซอยสุขุมวิท 63,tertiary,13.732098900000002,100.5868716,13.7321826,100.5868983
5996,466613392,ซอยสุขุมวิท 63,tertiary,13.730006999999999,100.5862028,13.730802800000003,100.5864616
6000,466616811,ซอยสุขุมวิท 63,tertiary,13.727356199999996,100.5854186,13.727536200000001,100.5854642
6007,466616833,ซอยสุขุมวิท 63,tertiary,13.7244612,100.584676,13.725092500000002,100.5848392
6015,466616854,ซอยสุขุมวิท 63,tertiary,13.7226502,100.5845902,13.7228206,100.5845963
6022,466616871,ซอยสุขุมวิท 63,tertiary,13.7208153,100.5845249,13.7210482,100.5845326
6023,466838066,ถนนพระรามที่ 4,primary,13.7227789,100.5525581,13.722832899999998,100.5524387
6028,468353992,,primary,13.748833999999999,100.5636428,13.7486487,100.5633527
6032,468353996,,primary,13.748874199999996,100.5633216,13.749024299999999,100.5634585
6042,468965393,ถนนประชาสงเคราะห,secondary,13.767828999999999,100.5579162,13.767304500000002,100.5576416
6054,471351925,ถนนประชาสงเคราะห,secondary,13.772986600000001,100.5602515,13.7720891,100.5602002
6059,471362738,ถนนประชาสงเคราะห,secondary,13.775172699999997,100.5622631,13.775123,100.5621779
6083,471408292,ถนนประชาสุข,tertiary,13.785269400000004,100.567073,13.7837347,100.5671269
6105,479211734,,primary,13.757864,100.5342458,13.758003999999998,100.5345054
6107,479213808,ถนนราชปรารภ,secondary,13.756085199999998,100.54241500000002,13.756265900000002,100.54242
6125,480611709,ถนนประชาอุทิศ (รา,tertiary,13.762843699999998,100.6078356,13.762594199999999,100.6081362
6132,480611716,ถนนประชาอุทิศ (รา,tertiary,13.768324,100.5954281,13.768109499999996,100.5964061
6139,480611724,ถนนประชาอุทิศ,tertiary,13.770158499999997,100.58584790000002,13.769880600000002,100.5864189
6141,480960861,ถนนประชาอุทิศ,tertiary,13.770705599999998,100.5847238,13.7705686,100.5850053
6145,480960865,ถนนประชาอุทิศ,tertiary,13.771612,100.5822231,13.771497599999998,100.58268570000001
6159,480960879,ถนนประชาอุทิศ,tertiary,13.7736393,100.57843970000002,13.773119800000002,100.578238
6179,481757225,ถนนประดิพัทธ์,secondary,13.7919931,100.5373807,13.791883199999997,100.5378902
6187,481757232,ถนนกำแพงเพชร 5,tertiary,13.788183796344235,100.5336909851478,13.78398860780329,100.53197161815115
6188,481757232,ถนนกำแพงเพชร 5,tertiary,13.78398860780329,100.53197161815115,13.7815742,100.5310133
6195,481778855,ถนนประดิพัทธ์,secondary,13.793232800000002,100.531058,13.793186399999998,100.531311
6201,481778861,ถนนทหาร,tertiary,13.79621,100.5241156,13.795270199999997,100.526272
6208,481971016,ถนนพระรามที่ 4,primary,13.720098199999999,100.559144,13.720169799999999,100.5589375
6213,482209160,ถนนลาดพร้าว,primary,13.772325767607969,100.63382501814033,13.774569591906532,100.62981142520923
6214,482209160,ถนนลาดพร้าว,primary,13.774569591906532,100.62981142520923,13.776814925054486,100.62579896671146
6222,482209160,ถนนลาดพร้าว,primary,13.792521076867072,100.59771257016783,13.794763106754727,100.59369796122512
6228,482209834,ถนนพระรามที่ 4,primary,13.718828299999998,100.5672383,13.718888600000001,100.56709450000001
6230,482209836,,tertiary,13.719025699999998,100.567153,13.718828299999998,100.5672383
6231,482384842,ถนนเกษมราษฎร์,tertiary,13.714769799999996,100.5652269,13.716703499999998,100.566099
6234,482384845,,tertiary,13.7148434,100.5654417,13.7146223,100.5655139
6236,482384847,ถนนเกษมราษฎร์,tertiary,13.714694799999998,100.56539,13.714546300000002,100.56532030000001
6237,482384848,,tertiary,13.714694799999998,100.56539,13.714186099999997,100.5662569
6243,482404741,,primary,13.714286800000002,100.5924507,13.714305799999996,100.59263040000002
6253,486482425,ถนนพระราม 9,primary,13.742488155794337,100.63292161057167,13.7425475,100.6370204
6256,488262159,,tertiary,13.750673399999997,100.7943215,13.7506566,100.7944763
6259,494624951,ถนนเจริญกรุง,secondary,13.7317672,100.515287,13.7318303,100.5151249
6262,494625072,,tertiary,13.737873199999994,100.515732,13.737990199999999,100.5159141
6267,507203050,,tertiary,13.7560008,100.7478147,13.755912199999997,100.7480055
